0;11716,000000000000000000;6949,000000000000000000;9607,000000000000000000
1;11855,000000000000000000;7311,000000000000000000;10083,000000000000000000
2;12102,000000000000000000;8486,000000000000000000;10374,000000000000000000
3;12102,000000000000000000;9226,000000000000000000;10561,000000000000000000
4;12102,000000000000000000;9226,000000000000000000;10683,000000000000000000
5;12102,000000000000000000;9226,000000000000000000;10817,000000000000000000
6;12102,000000000000000000;9226,000000000000000000;10889,000000000000000000
7;12102,000000000000000000;9329,000000000000000000;10964,000000000000000000
8;12102,000000000000000000;9329,000000000000000000;11023,000000000000000000
9;12102,000000000000000000;9595,000000000000000000;11076,000000000000000000
10;12102,000000000000000000;9595,000000000000000000;11137,000000000000000000
11;12102,000000000000000000;9889,000000000000000000;11190,000000000000000000
12;12102,000000000000000000;9889,000000000000000000;11235,000000000000000000
13;12138,000000000000000000;9889,000000000000000000;11277,000000000000000000
14;12138,000000000000000000;10252,000000000000000000;11313,000000000000000000
15;12138,000000000000000000;10310,000000000000000000;11339,000000000000000000
16;12160,000000000000000000;10310,000000000000000000;11371,000000000000000000
17;12346,000000000000000000;10310,000000000000000000;11404,000000000000000000
18;12346,000000000000000000;10327,000000000000000000;11430,000000000000000000
19;12346,000000000000000000;10362,000000000000000000;11447,000000000000000000
20;12346,000000000000000000;10362,000000000000000000;11478,000000000000000000
21;12346,000000000000000000;10362,000000000000000000;11505,000000000000000000
22;12346,000000000000000000;10362,000000000000000000;11527,000000000000000000
23;12346,000000000000000000;10661,000000000000000000;11548,000000000000000000
24;12346,000000000000000000;10661,000000000000000000;11556,000000000000000000
25;12374,000000000000000000;10661,000000000000000000;11575,000000000000000000
26;12374,000000000000000000;10661,000000000000000000;11592,000000000000000000
27;12374,000000000000000000;10661,000000000000000000;11608,000000000000000000
28;12374,000000000000000000;10661,000000000000000000;11620,000000000000000000
29;12374,000000000000000000;10661,000000000000000000;11641,000000000000000000
30;12374,000000000000000000;10661,000000000000000000;11658,000000000000000000
31;12374,000000000000000000;10661,000000000000000000;11672,000000000000000000
32;12374,000000000000000000;10748,000000000000000000;11686,000000000000000000
33;12374,000000000000000000;10755,000000000000000000;11703,000000000000000000
34;12374,000000000000000000;10755,000000000000000000;11719,000000000000000000
35;12374,000000000000000000;10755,000000000000000000;11729,000000000000000000
36;12374,000000000000000000;10755,000000000000000000;11744,000000000000000000
37;12374,000000000000000000;10755,000000000000000000;11757,000000000000000000
38;12374,000000000000000000;10755,000000000000000000;11772,000000000000000000
39;12374,000000000000000000;10755,000000000000000000;11786,000000000000000000
40;12374,000000000000000000;10755,000000000000000000;11798,000000000000000000
41;12387,000000000000000000;10755,000000000000000000;11812,000000000000000000
42;12387,000000000000000000;10755,000000000000000000;11823,000000000000000000
43;12387,000000000000000000;10755,000000000000000000;11835,000000000000000000
44;12387,000000000000000000;10755,000000000000000000;11840,000000000000000000
45;12387,000000000000000000;11170,000000000000000000;11855,000000000000000000
46;12387,000000000000000000;11170,000000000000000000;11867,000000000000000000
47;12387,000000000000000000;11170,000000000000000000;11876,000000000000000000
48;12387,000000000000000000;11190,000000000000000000;11886,000000000000000000
49;12387,000000000000000000;11205,000000000000000000;11899,000000000000000000
50;12387,000000000000000000;11205,000000000000000000;11906,000000000000000000
51;12387,000000000000000000;11205,000000000000000000;11922,000000000000000000
52;12387,000000000000000000;11205,000000000000000000;11937,000000000000000000
53;12413,000000000000000000;11205,000000000000000000;11946,000000000000000000
54;12413,000000000000000000;11205,000000000000000000;11958,000000000000000000
55;12583,000000000000000000;11205,000000000000000000;11967,000000000000000000
56;12583,000000000000000000;11205,000000000000000000;11979,000000000000000000
57;12583,000000000000000000;11205,000000000000000000;11991,000000000000000000
58;12583,000000000000000000;11205,000000000000000000;12001,000000000000000000
59;12583,000000000000000000;11205,000000000000000000;12011,000000000000000000
60;12583,000000000000000000;11205,000000000000000000;12022,000000000000000000
61;12583,000000000000000000;11205,000000000000000000;12028,000000000000000000
62;12583,000000000000000000;11205,000000000000000000;12034,000000000000000000
63;12583,000000000000000000;11419,000000000000000000;12044,000000000000000000
64;12583,000000000000000000;11419,000000000000000000;12052,000000000000000000
65;12583,000000000000000000;11419,000000000000000000;12057,000000000000000000
66;12583,000000000000000000;11419,000000000000000000;12062,000000000000000000
67;12583,000000000000000000;11419,000000000000000000;12065,000000000000000000
68;12738,000000000000000000;11419,000000000000000000;12072,000000000000000000
69;12738,000000000000000000;11419,000000000000000000;12076,000000000000000000
70;12738,000000000000000000;11419,000000000000000000;12085,000000000000000000
71;12738,000000000000000000;11419,000000000000000000;12089,000000000000000000
72;12738,000000000000000000;11419,000000000000000000;12093,000000000000000000
73;12738,000000000000000000;11451,000000000000000000;12100,000000000000000000
74;12738,000000000000000000;11451,000000000000000000;12107,000000000000000000
75;12738,000000000000000000;11451,000000000000000000;12111,000000000000000000
76;12738,000000000000000000;11451,000000000000000000;12115,000000000000000000
77;12738,000000000000000000;11451,000000000000000000;12123,000000000000000000
78;12738,000000000000000000;11451,000000000000000000;12130,000000000000000000
79;12738,000000000000000000;11451,000000000000000000;12137,000000000000000000
80;12738,000000000000000000;11451,000000000000000000;12144,000000000000000000
81;12738,000000000000000000;11451,000000000000000000;12152,000000000000000000
82;12738,000000000000000000;11451,000000000000000000;12162,000000000000000000
83;12738,000000000000000000;11451,000000000000000000;12165,000000000000000000
84;12738,000000000000000000;11451,000000000000000000;12170,000000000000000000
85;12738,000000000000000000;11451,000000000000000000;12174,000000000000000000
86;12738,000000000000000000;11451,000000000000000000;12179,000000000000000000
87;12738,000000000000000000;11451,000000000000000000;12185,000000000000000000
88;12738,000000000000000000;11451,000000000000000000;12190,000000000000000000
89;12738,000000000000000000;11451,000000000000000000;12196,000000000000000000
90;12738,000000000000000000;11451,000000000000000000;12200,000000000000000000
91;12738,000000000000000000;11451,000000000000000000;12205,000000000000000000
92;12738,000000000000000000;11451,000000000000000000;12209,000000000000000000
93;12738,000000000000000000;11451,000000000000000000;12212,000000000000000000
94;12738,000000000000000000;11451,000000000000000000;12217,000000000000000000
95;12738,000000000000000000;11451,000000000000000000;12220,000000000000000000
96;12738,000000000000000000;11451,000000000000000000;12222,000000000000000000
97;12738,000000000000000000;11451,000000000000000000;12226,000000000000000000
98;12738,000000000000000000;11755,000000000000000000;12230,000000000000000000
99;12738,000000000000000000;11755,000000000000000000;12232,000000000000000000
100;12738,000000000000000000;11755,000000000000000000;12237,000000000000000000
101;12738,000000000000000000;11757,000000000000000000;12240,000000000000000000
102;12738,000000000000000000;11757,000000000000000000;12244,000000000000000000
103;12738,000000000000000000;11757,000000000000000000;12245,000000000000000000
104;12738,000000000000000000;11757,000000000000000000;12247,000000000000000000
105;12738,000000000000000000;11757,000000000000000000;12253,000000000000000000
106;12738,000000000000000000;11757,000000000000000000;12256,000000000000000000
107;12738,000000000000000000;11757,000000000000000000;12259,000000000000000000
108;12738,000000000000000000;11757,000000000000000000;12261,000000000000000000
109;12738,000000000000000000;11757,000000000000000000;12261,000000000000000000
110;12738,000000000000000000;11757,000000000000000000;12264,000000000000000000
111;12738,000000000000000000;11854,000000000000000000;12268,000000000000000000
112;12738,000000000000000000;11860,000000000000000000;12270,000000000000000000
113;12738,000000000000000000;11860,000000000000000000;12271,000000000000000000
114;12738,000000000000000000;11860,000000000000000000;12272,000000000000000000
115;12738,000000000000000000;11860,000000000000000000;12273,000000000000000000
116;12738,000000000000000000;11860,000000000000000000;12277,000000000000000000
117;12738,000000000000000000;11860,000000000000000000;12277,000000000000000000
118;12738,000000000000000000;11860,000000000000000000;12277,000000000000000000
119;12738,000000000000000000;11860,000000000000000000;12281,000000000000000000
120;12738,000000000000000000;11860,000000000000000000;12284,000000000000000000
121;12738,000000000000000000;11860,000000000000000000;12285,000000000000000000
122;12738,000000000000000000;11860,000000000000000000;12288,000000000000000000
123;12738,000000000000000000;11860,000000000000000000;12290,000000000000000000
124;12738,000000000000000000;11860,000000000000000000;12293,000000000000000000
125;12738,000000000000000000;11860,000000000000000000;12295,000000000000000000
126;12738,000000000000000000;11860,000000000000000000;12296,000000000000000000
127;12738,000000000000000000;11860,000000000000000000;12297,000000000000000000
128;12738,000000000000000000;11860,000000000000000000;12300,000000000000000000
129;12738,000000000000000000;11862,000000000000000000;12303,000000000000000000
130;12738,000000000000000000;11862,000000000000000000;12305,000000000000000000
131;12738,000000000000000000;11862,000000000000000000;12307,000000000000000000
132;12738,000000000000000000;11862,000000000000000000;12309,000000000000000000
133;12738,000000000000000000;11862,000000000000000000;12310,000000000000000000
134;12738,000000000000000000;11862,000000000000000000;12310,000000000000000000
135;12738,000000000000000000;11862,000000000000000000;12313,000000000000000000
136;12738,000000000000000000;11862,000000000000000000;12313,000000000000000000
137;12738,000000000000000000;11862,000000000000000000;12315,000000000000000000
138;12738,000000000000000000;11862,000000000000000000;12316,000000000000000000
139;12738,000000000000000000;11862,000000000000000000;12317,000000000000000000
140;12738,000000000000000000;11862,000000000000000000;12319,000000000000000000
141;12738,000000000000000000;11862,000000000000000000;12319,000000000000000000
142;12738,000000000000000000;11862,000000000000000000;12319,000000000000000000
143;12738,000000000000000000;11862,000000000000000000;12321,000000000000000000
144;12738,000000000000000000;11862,000000000000000000;12321,000000000000000000
145;12738,000000000000000000;11862,000000000000000000;12324,000000000000000000
146;12738,000000000000000000;11862,000000000000000000;12325,000000000000000000
147;12738,000000000000000000;11966,000000000000000000;12327,000000000000000000
148;12757,000000000000000000;11966,000000000000000000;12330,000000000000000000
149;12757,000000000000000000;11966,000000000000000000;12331,000000000000000000
150;12757,000000000000000000;11966,000000000000000000;12331,000000000000000000
151;12757,000000000000000000;11966,000000000000000000;12335,000000000000000000
152;12757,000000000000000000;11966,000000000000000000;12338,000000000000000000
153;12757,000000000000000000;11966,000000000000000000;12339,000000000000000000
154;12757,000000000000000000;11966,000000000000000000;12341,000000000000000000
155;12757,000000000000000000;11966,000000000000000000;12341,000000000000000000
156;12757,000000000000000000;11966,000000000000000000;12342,000000000000000000
157;12757,000000000000000000;11966,000000000000000000;12345,000000000000000000
158;12757,000000000000000000;11966,000000000000000000;12347,000000000000000000
159;12757,000000000000000000;11966,000000000000000000;12347,000000000000000000
160;12757,000000000000000000;11966,000000000000000000;12349,000000000000000000
161;12757,000000000000000000;11966,000000000000000000;12350,000000000000000000
162;12757,000000000000000000;11966,000000000000000000;12353,000000000000000000
163;12757,000000000000000000;11966,000000000000000000;12353,000000000000000000
164;12757,000000000000000000;11966,000000000000000000;12356,000000000000000000
165;12757,000000000000000000;11966,000000000000000000;12356,000000000000000000
166;12757,000000000000000000;11966,000000000000000000;12359,000000000000000000
167;12757,000000000000000000;11966,000000000000000000;12361,000000000000000000
168;12757,000000000000000000;11966,000000000000000000;12361,000000000000000000
169;12757,000000000000000000;11966,000000000000000000;12363,000000000000000000
170;12757,000000000000000000;11966,000000000000000000;12365,000000000000000000
171;12757,000000000000000000;11966,000000000000000000;12366,000000000000000000
172;12757,000000000000000000;11966,000000000000000000;12366,000000000000000000
173;12757,000000000000000000;11966,000000000000000000;12368,000000000000000000
174;12757,000000000000000000;11966,000000000000000000;12368,000000000000000000
175;12757,000000000000000000;11966,000000000000000000;12369,000000000000000000
176;12757,000000000000000000;11966,000000000000000000;12369,000000000000000000
177;12757,000000000000000000;11966,000000000000000000;12370,000000000000000000
178;12757,000000000000000000;11966,000000000000000000;12370,000000000000000000
179;12757,000000000000000000;11966,000000000000000000;12372,000000000000000000
180;12757,000000000000000000;11966,000000000000000000;12373,000000000000000000
181;12757,000000000000000000;11966,000000000000000000;12375,000000000000000000
182;12757,000000000000000000;11966,000000000000000000;12375,000000000000000000
183;12757,000000000000000000;11966,000000000000000000;12377,000000000000000000
184;12757,000000000000000000;11966,000000000000000000;12378,000000000000000000
185;12757,000000000000000000;11966,000000000000000000;12378,000000000000000000
186;12757,000000000000000000;11966,000000000000000000;12379,000000000000000000
187;12757,000000000000000000;11966,000000000000000000;12379,000000000000000000
188;12757,000000000000000000;11966,000000000000000000;12381,000000000000000000
189;12757,000000000000000000;11966,000000000000000000;12383,000000000000000000
190;12757,000000000000000000;11966,000000000000000000;12384,000000000000000000
191;12757,000000000000000000;11966,000000000000000000;12386,000000000000000000
192;12757,000000000000000000;11966,000000000000000000;12387,000000000000000000
193;12757,000000000000000000;11966,000000000000000000;12387,000000000000000000
194;12757,000000000000000000;12063,000000000000000000;12389,000000000000000000
195;12757,000000000000000000;12063,000000000000000000;12390,000000000000000000
196;12757,000000000000000000;12063,000000000000000000;12391,000000000000000000
197;12757,000000000000000000;12063,000000000000000000;12393,000000000000000000
198;12757,000000000000000000;12063,000000000000000000;12394,000000000000000000
199;12757,000000000000000000;12063,000000000000000000;12395,000000000000000000
200;12757,000000000000000000;12063,000000000000000000;12396,000000000000000000
201;12757,000000000000000000;12063,000000000000000000;12396,000000000000000000
202;12757,000000000000000000;12063,000000000000000000;12396,000000000000000000
203;12757,000000000000000000;12063,000000000000000000;12398,000000000000000000
204;12757,000000000000000000;12063,000000000000000000;12398,000000000000000000
205;12757,000000000000000000;12063,000000000000000000;12399,000000000000000000
206;12757,000000000000000000;12063,000000000000000000;12400,000000000000000000
207;12757,000000000000000000;12063,000000000000000000;12401,000000000000000000
208;12757,000000000000000000;12063,000000000000000000;12403,000000000000000000
209;12757,000000000000000000;12063,000000000000000000;12403,000000000000000000
210;12757,000000000000000000;12063,000000000000000000;12403,000000000000000000
211;12757,000000000000000000;12063,000000000000000000;12404,000000000000000000
212;12757,000000000000000000;12063,000000000000000000;12405,000000000000000000
213;12757,000000000000000000;12063,000000000000000000;12407,000000000000000000
214;12757,000000000000000000;12063,000000000000000000;12409,000000000000000000
215;12757,000000000000000000;12063,000000000000000000;12411,000000000000000000
216;12757,000000000000000000;12063,000000000000000000;12413,000000000000000000
217;12757,000000000000000000;12063,000000000000000000;12414,000000000000000000
218;12757,000000000000000000;12063,000000000000000000;12414,000000000000000000
219;12757,000000000000000000;12063,000000000000000000;12416,000000000000000000
220;12757,000000000000000000;12063,000000000000000000;12417,000000000000000000
221;12757,000000000000000000;12063,000000000000000000;12418,000000000000000000
222;12757,000000000000000000;12063,000000000000000000;12420,000000000000000000
223;12757,000000000000000000;12063,000000000000000000;12421,000000000000000000
224;12757,000000000000000000;12063,000000000000000000;12422,000000000000000000
225;12757,000000000000000000;12063,000000000000000000;12424,000000000000000000
226;12757,000000000000000000;12063,000000000000000000;12424,000000000000000000
227;12757,000000000000000000;12063,000000000000000000;12425,000000000000000000
228;12757,000000000000000000;12063,000000000000000000;12425,000000000000000000
229;12757,000000000000000000;12063,000000000000000000;12425,000000000000000000
230;12757,000000000000000000;12063,000000000000000000;12426,000000000000000000
231;12757,000000000000000000;12063,000000000000000000;12427,000000000000000000
232;12757,000000000000000000;12063,000000000000000000;12428,000000000000000000
233;12757,000000000000000000;12063,000000000000000000;12429,000000000000000000
234;12757,000000000000000000;12063,000000000000000000;12430,000000000000000000
235;12757,000000000000000000;12063,000000000000000000;12430,000000000000000000
236;12757,000000000000000000;12063,000000000000000000;12431,000000000000000000
237;12757,000000000000000000;12063,000000000000000000;12432,000000000000000000
238;12757,000000000000000000;12063,000000000000000000;12433,000000000000000000
239;12757,000000000000000000;12063,000000000000000000;12434,000000000000000000
240;12757,000000000000000000;12063,000000000000000000;12436,000000000000000000
241;12757,000000000000000000;12063,000000000000000000;12437,000000000000000000
242;12757,000000000000000000;12063,000000000000000000;12437,000000000000000000
243;12757,000000000000000000;12063,000000000000000000;12438,000000000000000000
244;12757,000000000000000000;12063,000000000000000000;12440,000000000000000000
245;12757,000000000000000000;12063,000000000000000000;12441,000000000000000000
246;12757,000000000000000000;12063,000000000000000000;12442,000000000000000000
247;12757,000000000000000000;12063,000000000000000000;12443,000000000000000000
248;12757,000000000000000000;12063,000000000000000000;12443,000000000000000000
249;12757,000000000000000000;12063,000000000000000000;12445,000000000000000000
250;12757,000000000000000000;12063,000000000000000000;12447,000000000000000000
251;12757,000000000000000000;12063,000000000000000000;12448,000000000000000000
252;12757,000000000000000000;12063,000000000000000000;12450,000000000000000000
253;12757,000000000000000000;12063,000000000000000000;12452,000000000000000000
254;12757,000000000000000000;12063,000000000000000000;12453,000000000000000000
255;12757,000000000000000000;12063,000000000000000000;12455,000000000000000000
256;12757,000000000000000000;12063,000000000000000000;12455,000000000000000000
257;12757,000000000000000000;12063,000000000000000000;12456,000000000000000000
258;12757,000000000000000000;12063,000000000000000000;12458,000000000000000000
259;12757,000000000000000000;12063,000000000000000000;12458,000000000000000000
260;12757,000000000000000000;12063,000000000000000000;12460,000000000000000000
261;12757,000000000000000000;12063,000000000000000000;12462,000000000000000000
262;12757,000000000000000000;12063,000000000000000000;12463,000000000000000000
263;12757,000000000000000000;12063,000000000000000000;12464,000000000000000000
264;12757,000000000000000000;12063,000000000000000000;12465,000000000000000000
265;12757,000000000000000000;12063,000000000000000000;12466,000000000000000000
266;12757,000000000000000000;12063,000000000000000000;12467,000000000000000000
267;12757,000000000000000000;12063,000000000000000000;12469,000000000000000000
268;12757,000000000000000000;12063,000000000000000000;12469,000000000000000000
269;12757,000000000000000000;12063,000000000000000000;12470,000000000000000000
270;12757,000000000000000000;12063,000000000000000000;12470,000000000000000000
271;12757,000000000000000000;12063,000000000000000000;12471,000000000000000000
272;12757,000000000000000000;12063,000000000000000000;12472,000000000000000000
273;12757,000000000000000000;12063,000000000000000000;12472,000000000000000000
274;12757,000000000000000000;12063,000000000000000000;12473,000000000000000000
275;12757,000000000000000000;12063,000000000000000000;12473,000000000000000000
276;12757,000000000000000000;12063,000000000000000000;12474,000000000000000000
277;12757,000000000000000000;12063,000000000000000000;12474,000000000000000000
278;12757,000000000000000000;12063,000000000000000000;12475,000000000000000000
279;12757,000000000000000000;12063,000000000000000000;12476,000000000000000000
280;12757,000000000000000000;12063,000000000000000000;12476,000000000000000000
281;12757,000000000000000000;12063,000000000000000000;12478,000000000000000000
282;12757,000000000000000000;12063,000000000000000000;12478,000000000000000000
283;12757,000000000000000000;12063,000000000000000000;12480,000000000000000000
284;12757,000000000000000000;12063,000000000000000000;12480,000000000000000000
285;12757,000000000000000000;12063,000000000000000000;12481,000000000000000000
286;12757,000000000000000000;12063,000000000000000000;12482,000000000000000000
287;12757,000000000000000000;12063,000000000000000000;12482,000000000000000000
288;12757,000000000000000000;12063,000000000000000000;12483,000000000000000000
289;12757,000000000000000000;12063,000000000000000000;12484,000000000000000000
290;12757,000000000000000000;12063,000000000000000000;12485,000000000000000000
291;12757,000000000000000000;12063,000000000000000000;12486,000000000000000000
292;12757,000000000000000000;12063,000000000000000000;12486,000000000000000000
293;12757,000000000000000000;12063,000000000000000000;12486,000000000000000000
294;12757,000000000000000000;12063,000000000000000000;12488,000000000000000000
295;12757,000000000000000000;12063,000000000000000000;12489,000000000000000000
296;12757,000000000000000000;12063,000000000000000000;12491,000000000000000000
297;12757,000000000000000000;12063,000000000000000000;12493,000000000000000000
298;12757,000000000000000000;12063,000000000000000000;12494,000000000000000000
299;12757,000000000000000000;12063,000000000000000000;12494,000000000000000000
300;12757,000000000000000000;12063,000000000000000000;12494,000000000000000000
301;12757,000000000000000000;12063,000000000000000000;12496,000000000000000000
302;12757,000000000000000000;12063,000000000000000000;12497,000000000000000000
303;12757,000000000000000000;12063,000000000000000000;12497,000000000000000000
304;12757,000000000000000000;12063,000000000000000000;12498,000000000000000000
305;12757,000000000000000000;12063,000000000000000000;12498,000000000000000000
306;12757,000000000000000000;12063,000000000000000000;12498,000000000000000000
307;12757,000000000000000000;12063,000000000000000000;12499,000000000000000000
308;12757,000000000000000000;12063,000000000000000000;12500,000000000000000000
309;12757,000000000000000000;12063,000000000000000000;12501,000000000000000000
310;12757,000000000000000000;12063,000000000000000000;12502,000000000000000000
311;12757,000000000000000000;12063,000000000000000000;12503,000000000000000000
312;12757,000000000000000000;12063,000000000000000000;12504,000000000000000000
313;12757,000000000000000000;12063,000000000000000000;12504,000000000000000000
314;12757,000000000000000000;12063,000000000000000000;12505,000000000000000000
315;12757,000000000000000000;12063,000000000000000000;12506,000000000000000000
316;12757,000000000000000000;12063,000000000000000000;12508,000000000000000000
317;12757,000000000000000000;12063,000000000000000000;12509,000000000000000000
318;12757,000000000000000000;12063,000000000000000000;12509,000000000000000000
319;12757,000000000000000000;12063,000000000000000000;12511,000000000000000000
320;12757,000000000000000000;12063,000000000000000000;12511,000000000000000000
321;12757,000000000000000000;12063,000000000000000000;12513,000000000000000000
322;12757,000000000000000000;12063,000000000000000000;12515,000000000000000000
323;12757,000000000000000000;12063,000000000000000000;12515,000000000000000000
324;12757,000000000000000000;12063,000000000000000000;12518,000000000000000000
325;12757,000000000000000000;12063,000000000000000000;12519,000000000000000000
326;12757,000000000000000000;12063,000000000000000000;12519,000000000000000000
327;12757,000000000000000000;12063,000000000000000000;12521,000000000000000000
328;12757,000000000000000000;12063,000000000000000000;12522,000000000000000000
329;12757,000000000000000000;12063,000000000000000000;12522,000000000000000000
330;12757,000000000000000000;12063,000000000000000000;12524,000000000000000000
331;12757,000000000000000000;12063,000000000000000000;12524,000000000000000000
332;12757,000000000000000000;12063,000000000000000000;12525,000000000000000000
333;12757,000000000000000000;12063,000000000000000000;12526,000000000000000000
334;12757,000000000000000000;12063,000000000000000000;12527,000000000000000000
335;12757,000000000000000000;12063,000000000000000000;12528,000000000000000000
336;12757,000000000000000000;12063,000000000000000000;12529,000000000000000000
337;12757,000000000000000000;12104,000000000000000000;12531,000000000000000000
338;12757,000000000000000000;12104,000000000000000000;12531,000000000000000000
339;12757,000000000000000000;12104,000000000000000000;12533,000000000000000000
340;12757,000000000000000000;12104,000000000000000000;12533,000000000000000000
341;12757,000000000000000000;12104,000000000000000000;12533,000000000000000000
342;12757,000000000000000000;12104,000000000000000000;12535,000000000000000000
343;12757,000000000000000000;12104,000000000000000000;12536,000000000000000000
344;12757,000000000000000000;12104,000000000000000000;12537,000000000000000000
345;12757,000000000000000000;12104,000000000000000000;12538,000000000000000000
346;12757,000000000000000000;12104,000000000000000000;12539,000000000000000000
347;12757,000000000000000000;12104,000000000000000000;12540,000000000000000000
348;12757,000000000000000000;12104,000000000000000000;12540,000000000000000000
349;12757,000000000000000000;12104,000000000000000000;12542,000000000000000000
350;12757,000000000000000000;12104,000000000000000000;12542,000000000000000000
351;12757,000000000000000000;12173,000000000000000000;12544,000000000000000000
352;12757,000000000000000000;12173,000000000000000000;12545,000000000000000000
353;12757,000000000000000000;12173,000000000000000000;12545,000000000000000000
354;12757,000000000000000000;12173,000000000000000000;12546,000000000000000000
355;12757,000000000000000000;12173,000000000000000000;12547,000000000000000000
356;12757,000000000000000000;12173,000000000000000000;12547,000000000000000000
357;12757,000000000000000000;12173,000000000000000000;12548,000000000000000000
358;12757,000000000000000000;12173,000000000000000000;12548,000000000000000000
359;12757,000000000000000000;12173,000000000000000000;12548,000000000000000000
360;12757,000000000000000000;12173,000000000000000000;12549,000000000000000000
361;12757,000000000000000000;12173,000000000000000000;12549,000000000000000000
362;12757,000000000000000000;12173,000000000000000000;12549,000000000000000000
363;12757,000000000000000000;12173,000000000000000000;12550,000000000000000000
364;12757,000000000000000000;12173,000000000000000000;12550,000000000000000000
365;12757,000000000000000000;12173,000000000000000000;12553,000000000000000000
366;12757,000000000000000000;12173,000000000000000000;12553,000000000000000000
367;12757,000000000000000000;12173,000000000000000000;12554,000000000000000000
368;12757,000000000000000000;12173,000000000000000000;12554,000000000000000000
369;12757,000000000000000000;12173,000000000000000000;12555,000000000000000000
370;12757,000000000000000000;12173,000000000000000000;12556,000000000000000000
371;12757,000000000000000000;12173,000000000000000000;12556,000000000000000000
372;12757,000000000000000000;12173,000000000000000000;12558,000000000000000000
373;12757,000000000000000000;12173,000000000000000000;12558,000000000000000000
374;12757,000000000000000000;12173,000000000000000000;12558,000000000000000000
375;12757,000000000000000000;12173,000000000000000000;12559,000000000000000000
376;12757,000000000000000000;12173,000000000000000000;12559,000000000000000000
377;12757,000000000000000000;12173,000000000000000000;12560,000000000000000000
378;12757,000000000000000000;12173,000000000000000000;12560,000000000000000000
379;12757,000000000000000000;12173,000000000000000000;12560,000000000000000000
380;12757,000000000000000000;12173,000000000000000000;12560,000000000000000000
381;12757,000000000000000000;12173,000000000000000000;12560,000000000000000000
382;12757,000000000000000000;12173,000000000000000000;12561,000000000000000000
383;12757,000000000000000000;12173,000000000000000000;12562,000000000000000000
384;12757,000000000000000000;12173,000000000000000000;12563,000000000000000000
385;12757,000000000000000000;12173,000000000000000000;12564,000000000000000000
386;12757,000000000000000000;12173,000000000000000000;12564,000000000000000000
387;12757,000000000000000000;12173,000000000000000000;12565,000000000000000000
388;12757,000000000000000000;12173,000000000000000000;12565,000000000000000000
389;12757,000000000000000000;12173,000000000000000000;12565,000000000000000000
390;12757,000000000000000000;12173,000000000000000000;12566,000000000000000000
391;12757,000000000000000000;12173,000000000000000000;12566,000000000000000000
392;12757,000000000000000000;12173,000000000000000000;12567,000000000000000000
393;12757,000000000000000000;12173,000000000000000000;12569,000000000000000000
394;12757,000000000000000000;12173,000000000000000000;12570,000000000000000000
395;12757,000000000000000000;12173,000000000000000000;12570,000000000000000000
396;12757,000000000000000000;12173,000000000000000000;12571,000000000000000000
397;12757,000000000000000000;12173,000000000000000000;12571,000000000000000000
398;12757,000000000000000000;12173,000000000000000000;12571,000000000000000000
399;12757,000000000000000000;12173,000000000000000000;12572,000000000000000000
400;12757,000000000000000000;12173,000000000000000000;12573,000000000000000000
401;12757,000000000000000000;12173,000000000000000000;12573,000000000000000000
402;12757,000000000000000000;12173,000000000000000000;12575,000000000000000000
403;12757,000000000000000000;12173,000000000000000000;12575,000000000000000000
404;12757,000000000000000000;12173,000000000000000000;12577,000000000000000000
405;12757,000000000000000000;12173,000000000000000000;12577,000000000000000000
406;12757,000000000000000000;12173,000000000000000000;12578,000000000000000000
407;12757,000000000000000000;12173,000000000000000000;12578,000000000000000000
408;12757,000000000000000000;12173,000000000000000000;12578,000000000000000000
409;12757,000000000000000000;12173,000000000000000000;12578,000000000000000000
410;12757,000000000000000000;12173,000000000000000000;12578,000000000000000000
411;12757,000000000000000000;12173,000000000000000000;12578,000000000000000000
412;12757,000000000000000000;12173,000000000000000000;12578,000000000000000000
413;12757,000000000000000000;12173,000000000000000000;12579,000000000000000000
414;12757,000000000000000000;12173,000000000000000000;12579,000000000000000000
415;12757,000000000000000000;12173,000000000000000000;12579,000000000000000000
416;12757,000000000000000000;12173,000000000000000000;12579,000000000000000000
417;12757,000000000000000000;12173,000000000000000000;12580,000000000000000000
418;12757,000000000000000000;12173,000000000000000000;12581,000000000000000000
419;12757,000000000000000000;12211,000000000000000000;12582,000000000000000000
420;12757,000000000000000000;12211,000000000000000000;12582,000000000000000000
421;12757,000000000000000000;12211,000000000000000000;12582,000000000000000000
422;12757,000000000000000000;12211,000000000000000000;12582,000000000000000000
423;12757,000000000000000000;12211,000000000000000000;12583,000000000000000000
424;12757,000000000000000000;12211,000000000000000000;12583,000000000000000000
425;12757,000000000000000000;12211,000000000000000000;12584,000000000000000000
426;12757,000000000000000000;12211,000000000000000000;12584,000000000000000000
427;12757,000000000000000000;12211,000000000000000000;12584,000000000000000000
428;12757,000000000000000000;12211,000000000000000000;12584,000000000000000000
429;12757,000000000000000000;12211,000000000000000000;12584,000000000000000000
430;12757,000000000000000000;12211,000000000000000000;12584,000000000000000000
431;12757,000000000000000000;12211,000000000000000000;12585,000000000000000000
432;12757,000000000000000000;12211,000000000000000000;12585,000000000000000000
433;12757,000000000000000000;12211,000000000000000000;12586,000000000000000000
434;12757,000000000000000000;12211,000000000000000000;12586,000000000000000000
435;12757,000000000000000000;12211,000000000000000000;12587,000000000000000000
436;12757,000000000000000000;12211,000000000000000000;12588,000000000000000000
437;12757,000000000000000000;12211,000000000000000000;12588,000000000000000000
438;12757,000000000000000000;12211,000000000000000000;12588,000000000000000000
439;12757,000000000000000000;12211,000000000000000000;12588,000000000000000000
440;12757,000000000000000000;12211,000000000000000000;12589,000000000000000000
441;12757,000000000000000000;12211,000000000000000000;12589,000000000000000000
442;12757,000000000000000000;12211,000000000000000000;12589,000000000000000000
443;12757,000000000000000000;12211,000000000000000000;12589,000000000000000000
444;12757,000000000000000000;12211,000000000000000000;12589,000000000000000000
445;12757,000000000000000000;12211,000000000000000000;12589,000000000000000000
446;12757,000000000000000000;12211,000000000000000000;12590,000000000000000000
447;12757,000000000000000000;12211,000000000000000000;12590,000000000000000000
448;12757,000000000000000000;12211,000000000000000000;12591,000000000000000000
449;12757,000000000000000000;12211,000000000000000000;12591,000000000000000000
450;12757,000000000000000000;12211,000000000000000000;12592,000000000000000000
451;12757,000000000000000000;12211,000000000000000000;12593,000000000000000000
452;12757,000000000000000000;12211,000000000000000000;12593,000000000000000000
453;12757,000000000000000000;12211,000000000000000000;12593,000000000000000000
454;12757,000000000000000000;12211,000000000000000000;12594,000000000000000000
455;12757,000000000000000000;12211,000000000000000000;12594,000000000000000000
456;12757,000000000000000000;12312,000000000000000000;12594,000000000000000000
457;12757,000000000000000000;12374,000000000000000000;12595,000000000000000000
458;12757,000000000000000000;12374,000000000000000000;12595,000000000000000000
459;12757,000000000000000000;12374,000000000000000000;12595,000000000000000000
460;12757,000000000000000000;12374,000000000000000000;12595,000000000000000000
461;12757,000000000000000000;12374,000000000000000000;12595,000000000000000000
462;12757,000000000000000000;12374,000000000000000000;12595,000000000000000000
463;12757,000000000000000000;12374,000000000000000000;12595,000000000000000000
464;12757,000000000000000000;12374,000000000000000000;12595,000000000000000000
465;12757,000000000000000000;12374,000000000000000000;12596,000000000000000000
466;12757,000000000000000000;12374,000000000000000000;12596,000000000000000000
467;12757,000000000000000000;12374,000000000000000000;12596,000000000000000000
468;12757,000000000000000000;12374,000000000000000000;12596,000000000000000000
469;12757,000000000000000000;12374,000000000000000000;12597,000000000000000000
470;12757,000000000000000000;12374,000000000000000000;12597,000000000000000000
471;12757,000000000000000000;12374,000000000000000000;12598,000000000000000000
472;12757,000000000000000000;12374,000000000000000000;12599,000000000000000000
473;12757,000000000000000000;12374,000000000000000000;12599,000000000000000000
474;12757,000000000000000000;12374,000000000000000000;12599,000000000000000000
475;12757,000000000000000000;12374,000000000000000000;12599,000000000000000000
476;12757,000000000000000000;12374,000000000000000000;12599,000000000000000000
477;12757,000000000000000000;12374,000000000000000000;12600,000000000000000000
478;12757,000000000000000000;12374,000000000000000000;12600,000000000000000000
479;12757,000000000000000000;12374,000000000000000000;12600,000000000000000000
480;12757,000000000000000000;12374,000000000000000000;12600,000000000000000000
481;12757,000000000000000000;12374,000000000000000000;12601,000000000000000000
482;12757,000000000000000000;12374,000000000000000000;12601,000000000000000000
483;12757,000000000000000000;12374,000000000000000000;12601,000000000000000000
484;12757,000000000000000000;12374,000000000000000000;12601,000000000000000000
485;12757,000000000000000000;12374,000000000000000000;12601,000000000000000000
486;12757,000000000000000000;12374,000000000000000000;12602,000000000000000000
487;12757,000000000000000000;12374,000000000000000000;12602,000000000000000000
488;12757,000000000000000000;12374,000000000000000000;12602,000000000000000000
489;12757,000000000000000000;12374,000000000000000000;12602,000000000000000000
490;12757,000000000000000000;12374,000000000000000000;12603,000000000000000000
491;12757,000000000000000000;12374,000000000000000000;12603,000000000000000000
492;12757,000000000000000000;12374,000000000000000000;12604,000000000000000000
493;12757,000000000000000000;12374,000000000000000000;12604,000000000000000000
494;12757,000000000000000000;12374,000000000000000000;12604,000000000000000000
495;12757,000000000000000000;12374,000000000000000000;12604,000000000000000000
496;12757,000000000000000000;12374,000000000000000000;12604,000000000000000000
497;12757,000000000000000000;12374,000000000000000000;12605,000000000000000000
498;12757,000000000000000000;12374,000000000000000000;12605,000000000000000000
499;12757,000000000000000000;12374,000000000000000000;12605,000000000000000000
500;12757,000000000000000000;12374,000000000000000000;12605,000000000000000000
501;12757,000000000000000000;12374,000000000000000000;12605,000000000000000000
502;12757,000000000000000000;12374,000000000000000000;12605,000000000000000000
503;12757,000000000000000000;12374,000000000000000000;12605,000000000000000000
504;12757,000000000000000000;12374,000000000000000000;12606,000000000000000000
505;12757,000000000000000000;12374,000000000000000000;12606,000000000000000000
506;12757,000000000000000000;12374,000000000000000000;12606,000000000000000000
507;12757,000000000000000000;12374,000000000000000000;12606,000000000000000000
508;12757,000000000000000000;12374,000000000000000000;12606,000000000000000000
509;12757,000000000000000000;12374,000000000000000000;12607,000000000000000000
510;12757,000000000000000000;12374,000000000000000000;12607,000000000000000000
511;12757,000000000000000000;12374,000000000000000000;12607,000000000000000000
512;12757,000000000000000000;12374,000000000000000000;12608,000000000000000000
513;12757,000000000000000000;12374,000000000000000000;12608,000000000000000000
514;12757,000000000000000000;12374,000000000000000000;12608,000000000000000000
515;12757,000000000000000000;12374,000000000000000000;12608,000000000000000000
516;12757,000000000000000000;12374,000000000000000000;12608,000000000000000000
517;12757,000000000000000000;12374,000000000000000000;12609,000000000000000000
518;12757,000000000000000000;12374,000000000000000000;12609,000000000000000000
519;12757,000000000000000000;12374,000000000000000000;12609,000000000000000000
520;12757,000000000000000000;12374,000000000000000000;12609,000000000000000000
521;12757,000000000000000000;12374,000000000000000000;12609,000000000000000000
522;12757,000000000000000000;12374,000000000000000000;12610,000000000000000000
523;12757,000000000000000000;12374,000000000000000000;12610,000000000000000000
524;12757,000000000000000000;12374,000000000000000000;12611,000000000000000000
525;12757,000000000000000000;12374,000000000000000000;12611,000000000000000000
526;12757,000000000000000000;12374,000000000000000000;12611,000000000000000000
527;12757,000000000000000000;12374,000000000000000000;12611,000000000000000000
528;12757,000000000000000000;12374,000000000000000000;12611,000000000000000000
529;12757,000000000000000000;12374,000000000000000000;12611,000000000000000000
530;12757,000000000000000000;12374,000000000000000000;12612,000000000000000000
531;12757,000000000000000000;12374,000000000000000000;12612,000000000000000000
532;12757,000000000000000000;12374,000000000000000000;12612,000000000000000000
533;12757,000000000000000000;12374,000000000000000000;12612,000000000000000000
534;12757,000000000000000000;12374,000000000000000000;12612,000000000000000000
535;12757,000000000000000000;12374,000000000000000000;12613,000000000000000000
536;12757,000000000000000000;12374,000000000000000000;12613,000000000000000000
537;12757,000000000000000000;12374,000000000000000000;12613,000000000000000000
538;12757,000000000000000000;12374,000000000000000000;12613,000000000000000000
539;12757,000000000000000000;12374,000000000000000000;12613,000000000000000000
540;12757,000000000000000000;12374,000000000000000000;12613,000000000000000000
541;12757,000000000000000000;12374,000000000000000000;12613,000000000000000000
542;12757,000000000000000000;12374,000000000000000000;12613,000000000000000000
543;12757,000000000000000000;12374,000000000000000000;12613,000000000000000000
544;12757,000000000000000000;12374,000000000000000000;12613,000000000000000000
545;12757,000000000000000000;12374,000000000000000000;12614,000000000000000000
546;12757,000000000000000000;12374,000000000000000000;12614,000000000000000000
547;12757,000000000000000000;12374,000000000000000000;12614,000000000000000000
548;12757,000000000000000000;12374,000000000000000000;12614,000000000000000000
549;12757,000000000000000000;12374,000000000000000000;12616,000000000000000000
550;12757,000000000000000000;12374,000000000000000000;12616,000000000000000000
551;12757,000000000000000000;12374,000000000000000000;12617,000000000000000000
552;12757,000000000000000000;12374,000000000000000000;12618,000000000000000000
553;12757,000000000000000000;12374,000000000000000000;12618,000000000000000000
554;12757,000000000000000000;12374,000000000000000000;12619,000000000000000000
555;12757,000000000000000000;12374,000000000000000000;12620,000000000000000000
556;12757,000000000000000000;12374,000000000000000000;12620,000000000000000000
557;12757,000000000000000000;12374,000000000000000000;12620,000000000000000000
558;12757,000000000000000000;12374,000000000000000000;12621,000000000000000000
559;12757,000000000000000000;12374,000000000000000000;12621,000000000000000000
560;12757,000000000000000000;12374,000000000000000000;12621,000000000000000000
561;12757,000000000000000000;12374,000000000000000000;12621,000000000000000000
562;12757,000000000000000000;12374,000000000000000000;12621,000000000000000000
563;12757,000000000000000000;12374,000000000000000000;12622,000000000000000000
564;12757,000000000000000000;12374,000000000000000000;12622,000000000000000000
565;12757,000000000000000000;12374,000000000000000000;12622,000000000000000000
566;12757,000000000000000000;12374,000000000000000000;12622,000000000000000000
567;12757,000000000000000000;12374,000000000000000000;12622,000000000000000000
568;12757,000000000000000000;12374,000000000000000000;12623,000000000000000000
569;12757,000000000000000000;12374,000000000000000000;12623,000000000000000000
570;12757,000000000000000000;12374,000000000000000000;12623,000000000000000000
571;12757,000000000000000000;12374,000000000000000000;12624,000000000000000000
572;12757,000000000000000000;12374,000000000000000000;12624,000000000000000000
573;12757,000000000000000000;12374,000000000000000000;12624,000000000000000000
574;12757,000000000000000000;12374,000000000000000000;12625,000000000000000000
575;12757,000000000000000000;12374,000000000000000000;12625,000000000000000000
576;12757,000000000000000000;12374,000000000000000000;12625,000000000000000000
577;12757,000000000000000000;12374,000000000000000000;12625,000000000000000000
578;12757,000000000000000000;12374,000000000000000000;12625,000000000000000000
579;12757,000000000000000000;12374,000000000000000000;12625,000000000000000000
580;12757,000000000000000000;12374,000000000000000000;12626,000000000000000000
581;12757,000000000000000000;12374,000000000000000000;12626,000000000000000000
582;12757,000000000000000000;12374,000000000000000000;12626,000000000000000000
583;12757,000000000000000000;12374,000000000000000000;12626,000000000000000000
584;12757,000000000000000000;12374,000000000000000000;12626,000000000000000000
585;12757,000000000000000000;12374,000000000000000000;12626,000000000000000000
586;12757,000000000000000000;12374,000000000000000000;12626,000000000000000000
587;12757,000000000000000000;12374,000000000000000000;12626,000000000000000000
588;12757,000000000000000000;12374,000000000000000000;12626,000000000000000000
589;12757,000000000000000000;12374,000000000000000000;12626,000000000000000000
590;12757,000000000000000000;12374,000000000000000000;12626,000000000000000000
591;12757,000000000000000000;12374,000000000000000000;12626,000000000000000000
592;12757,000000000000000000;12374,000000000000000000;12626,000000000000000000
593;12757,000000000000000000;12374,000000000000000000;12626,000000000000000000
594;12757,000000000000000000;12374,000000000000000000;12627,000000000000000000
595;12757,000000000000000000;12374,000000000000000000;12627,000000000000000000
596;12757,000000000000000000;12374,000000000000000000;12627,000000000000000000
597;12757,000000000000000000;12374,000000000000000000;12628,000000000000000000
598;12757,000000000000000000;12374,000000000000000000;12628,000000000000000000
599;12757,000000000000000000;12374,000000000000000000;12628,000000000000000000
600;12757,000000000000000000;12374,000000000000000000;12628,000000000000000000
601;12757,000000000000000000;12374,000000000000000000;12628,000000000000000000
602;12757,000000000000000000;12374,000000000000000000;12628,000000000000000000
603;12757,000000000000000000;12374,000000000000000000;12628,000000000000000000
604;12757,000000000000000000;12374,000000000000000000;12628,000000000000000000
605;12757,000000000000000000;12374,000000000000000000;12629,000000000000000000
606;12757,000000000000000000;12374,000000000000000000;12629,000000000000000000
607;12757,000000000000000000;12374,000000000000000000;12630,000000000000000000
608;12757,000000000000000000;12374,000000000000000000;12630,000000000000000000
609;12757,000000000000000000;12374,000000000000000000;12630,000000000000000000
610;12757,000000000000000000;12374,000000000000000000;12630,000000000000000000
611;12757,000000000000000000;12374,000000000000000000;12631,000000000000000000
612;12757,000000000000000000;12374,000000000000000000;12631,000000000000000000
613;12757,000000000000000000;12374,000000000000000000;12631,000000000000000000
614;12757,000000000000000000;12374,000000000000000000;12631,000000000000000000
615;12757,000000000000000000;12374,000000000000000000;12631,000000000000000000
616;12757,000000000000000000;12374,000000000000000000;12631,000000000000000000
617;12757,000000000000000000;12374,000000000000000000;12631,000000000000000000
618;12757,000000000000000000;12374,000000000000000000;12632,000000000000000000
619;12757,000000000000000000;12374,000000000000000000;12632,000000000000000000
620;12757,000000000000000000;12374,000000000000000000;12632,000000000000000000
621;12757,000000000000000000;12374,000000000000000000;12633,000000000000000000
622;12757,000000000000000000;12374,000000000000000000;12633,000000000000000000
623;12757,000000000000000000;12374,000000000000000000;12633,000000000000000000
624;12757,000000000000000000;12374,000000000000000000;12633,000000000000000000
625;12757,000000000000000000;12374,000000000000000000;12634,000000000000000000
626;12757,000000000000000000;12374,000000000000000000;12634,000000000000000000
627;12757,000000000000000000;12374,000000000000000000;12634,000000000000000000
628;12757,000000000000000000;12374,000000000000000000;12634,000000000000000000
629;12757,000000000000000000;12374,000000000000000000;12634,000000000000000000
630;12757,000000000000000000;12374,000000000000000000;12634,000000000000000000
631;12757,000000000000000000;12374,000000000000000000;12634,000000000000000000
632;12757,000000000000000000;12374,000000000000000000;12635,000000000000000000
633;12757,000000000000000000;12374,000000000000000000;12635,000000000000000000
634;12757,000000000000000000;12374,000000000000000000;12635,000000000000000000
635;12757,000000000000000000;12374,000000000000000000;12635,000000000000000000
636;12757,000000000000000000;12374,000000000000000000;12636,000000000000000000
637;12757,000000000000000000;12374,000000000000000000;12636,000000000000000000
638;12757,000000000000000000;12374,000000000000000000;12636,000000000000000000
639;12757,000000000000000000;12374,000000000000000000;12636,000000000000000000
640;12757,000000000000000000;12374,000000000000000000;12636,000000000000000000
641;12757,000000000000000000;12374,000000000000000000;12637,000000000000000000
642;12757,000000000000000000;12374,000000000000000000;12637,000000000000000000
643;12757,000000000000000000;12374,000000000000000000;12637,000000000000000000
644;12757,000000000000000000;12374,000000000000000000;12637,000000000000000000
645;12757,000000000000000000;12374,000000000000000000;12637,000000000000000000
646;12757,000000000000000000;12374,000000000000000000;12637,000000000000000000
647;12757,000000000000000000;12374,000000000000000000;12637,000000000000000000
648;12757,000000000000000000;12374,000000000000000000;12638,000000000000000000
649;12757,000000000000000000;12374,000000000000000000;12638,000000000000000000
650;12757,000000000000000000;12374,000000000000000000;12638,000000000000000000
651;12757,000000000000000000;12374,000000000000000000;12638,000000000000000000
652;12757,000000000000000000;12374,000000000000000000;12638,000000000000000000
653;12757,000000000000000000;12374,000000000000000000;12638,000000000000000000
654;12757,000000000000000000;12374,000000000000000000;12639,000000000000000000
655;12757,000000000000000000;12374,000000000000000000;12639,000000000000000000
656;12757,000000000000000000;12374,000000000000000000;12639,000000000000000000
657;12757,000000000000000000;12374,000000000000000000;12639,000000000000000000
658;12757,000000000000000000;12374,000000000000000000;12639,000000000000000000
659;12757,000000000000000000;12374,000000000000000000;12639,000000000000000000
660;12757,000000000000000000;12374,000000000000000000;12639,000000000000000000
661;12757,000000000000000000;12374,000000000000000000;12640,000000000000000000
662;12757,000000000000000000;12374,000000000000000000;12640,000000000000000000
663;12757,000000000000000000;12374,000000000000000000;12640,000000000000000000
664;12757,000000000000000000;12374,000000000000000000;12641,000000000000000000
665;12757,000000000000000000;12374,000000000000000000;12641,000000000000000000
666;12757,000000000000000000;12374,000000000000000000;12642,000000000000000000
667;12757,000000000000000000;12374,000000000000000000;12642,000000000000000000
668;12757,000000000000000000;12374,000000000000000000;12642,000000000000000000
669;12757,000000000000000000;12374,000000000000000000;12642,000000000000000000
670;12757,000000000000000000;12374,000000000000000000;12642,000000000000000000
671;12757,000000000000000000;12374,000000000000000000;12643,000000000000000000
672;12757,000000000000000000;12374,000000000000000000;12643,000000000000000000
673;12757,000000000000000000;12374,000000000000000000;12643,000000000000000000
674;12757,000000000000000000;12374,000000000000000000;12643,000000000000000000
675;12757,000000000000000000;12374,000000000000000000;12643,000000000000000000
676;12757,000000000000000000;12374,000000000000000000;12643,000000000000000000
677;12757,000000000000000000;12374,000000000000000000;12644,000000000000000000
678;12757,000000000000000000;12374,000000000000000000;12644,000000000000000000
679;12757,000000000000000000;12374,000000000000000000;12644,000000000000000000
680;12757,000000000000000000;12374,000000000000000000;12644,000000000000000000
681;12757,000000000000000000;12374,000000000000000000;12644,000000000000000000
682;12757,000000000000000000;12374,000000000000000000;12644,000000000000000000
683;12757,000000000000000000;12374,000000000000000000;12644,000000000000000000
684;12757,000000000000000000;12374,000000000000000000;12644,000000000000000000
685;12757,000000000000000000;12374,000000000000000000;12645,000000000000000000
686;12757,000000000000000000;12374,000000000000000000;12645,000000000000000000
687;12757,000000000000000000;12374,000000000000000000;12645,000000000000000000
688;12757,000000000000000000;12374,000000000000000000;12645,000000000000000000
689;12757,000000000000000000;12374,000000000000000000;12646,000000000000000000
690;12757,000000000000000000;12374,000000000000000000;12646,000000000000000000
691;12757,000000000000000000;12374,000000000000000000;12646,000000000000000000
692;12757,000000000000000000;12374,000000000000000000;12646,000000000000000000
693;12757,000000000000000000;12374,000000000000000000;12646,000000000000000000
694;12757,000000000000000000;12374,000000000000000000;12646,000000000000000000
695;12757,000000000000000000;12374,000000000000000000;12647,000000000000000000
696;12757,000000000000000000;12374,000000000000000000;12647,000000000000000000
697;12757,000000000000000000;12374,000000000000000000;12647,000000000000000000
698;12757,000000000000000000;12374,000000000000000000;12647,000000000000000000
699;12757,000000000000000000;12374,000000000000000000;12647,000000000000000000
700;12757,000000000000000000;12374,000000000000000000;12647,000000000000000000
701;12757,000000000000000000;12374,000000000000000000;12647,000000000000000000
702;12757,000000000000000000;12374,000000000000000000;12648,000000000000000000
703;12757,000000000000000000;12374,000000000000000000;12648,000000000000000000
704;12757,000000000000000000;12374,000000000000000000;12649,000000000000000000
705;12757,000000000000000000;12374,000000000000000000;12649,000000000000000000
706;12757,000000000000000000;12374,000000000000000000;12649,000000000000000000
707;12757,000000000000000000;12374,000000000000000000;12649,000000000000000000
708;12757,000000000000000000;12374,000000000000000000;12649,000000000000000000
709;12757,000000000000000000;12374,000000000000000000;12649,000000000000000000
710;12757,000000000000000000;12374,000000000000000000;12649,000000000000000000
711;12757,000000000000000000;12374,000000000000000000;12649,000000000000000000
712;12757,000000000000000000;12374,000000000000000000;12649,000000000000000000
713;12757,000000000000000000;12374,000000000000000000;12649,000000000000000000
714;12757,000000000000000000;12374,000000000000000000;12649,000000000000000000
715;12757,000000000000000000;12374,000000000000000000;12649,000000000000000000
716;12757,000000000000000000;12374,000000000000000000;12649,000000000000000000
717;12757,000000000000000000;12374,000000000000000000;12649,000000000000000000
718;12757,000000000000000000;12374,000000000000000000;12649,000000000000000000
719;12757,000000000000000000;12374,000000000000000000;12649,000000000000000000
720;12757,000000000000000000;12374,000000000000000000;12649,000000000000000000
721;12757,000000000000000000;12374,000000000000000000;12649,000000000000000000
722;12757,000000000000000000;12374,000000000000000000;12649,000000000000000000
723;12757,000000000000000000;12374,000000000000000000;12650,000000000000000000
724;12757,000000000000000000;12374,000000000000000000;12650,000000000000000000
725;12757,000000000000000000;12374,000000000000000000;12650,000000000000000000
726;12757,000000000000000000;12374,000000000000000000;12650,000000000000000000
727;12757,000000000000000000;12374,000000000000000000;12650,000000000000000000
728;12757,000000000000000000;12374,000000000000000000;12650,000000000000000000
729;12757,000000000000000000;12374,000000000000000000;12652,000000000000000000
730;12757,000000000000000000;12374,000000000000000000;12652,000000000000000000
731;12757,000000000000000000;12374,000000000000000000;12652,000000000000000000
732;12757,000000000000000000;12374,000000000000000000;12652,000000000000000000
733;12757,000000000000000000;12374,000000000000000000;12652,000000000000000000
734;12757,000000000000000000;12374,000000000000000000;12652,000000000000000000
735;12757,000000000000000000;12374,000000000000000000;12652,000000000000000000
736;12757,000000000000000000;12374,000000000000000000;12652,000000000000000000
737;12757,000000000000000000;12374,000000000000000000;12652,000000000000000000
738;12757,000000000000000000;12374,000000000000000000;12652,000000000000000000
739;12757,000000000000000000;12374,000000000000000000;12652,000000000000000000
740;12757,000000000000000000;12374,000000000000000000;12652,000000000000000000
741;12757,000000000000000000;12374,000000000000000000;12653,000000000000000000
742;12757,000000000000000000;12374,000000000000000000;12653,000000000000000000
743;12757,000000000000000000;12374,000000000000000000;12653,000000000000000000
744;12757,000000000000000000;12374,000000000000000000;12653,000000000000000000
745;12757,000000000000000000;12374,000000000000000000;12653,000000000000000000
746;12757,000000000000000000;12374,000000000000000000;12653,000000000000000000
747;12757,000000000000000000;12374,000000000000000000;12654,000000000000000000
748;12757,000000000000000000;12374,000000000000000000;12654,000000000000000000
749;12757,000000000000000000;12374,000000000000000000;12654,000000000000000000
750;12757,000000000000000000;12374,000000000000000000;12654,000000000000000000
751;12757,000000000000000000;12374,000000000000000000;12654,000000000000000000
752;12757,000000000000000000;12374,000000000000000000;12655,000000000000000000
753;12757,000000000000000000;12374,000000000000000000;12655,000000000000000000
754;12757,000000000000000000;12374,000000000000000000;12655,000000000000000000
755;12757,000000000000000000;12374,000000000000000000;12655,000000000000000000
756;12757,000000000000000000;12374,000000000000000000;12655,000000000000000000
757;12757,000000000000000000;12374,000000000000000000;12656,000000000000000000
758;12757,000000000000000000;12374,000000000000000000;12656,000000000000000000
759;12757,000000000000000000;12374,000000000000000000;12656,000000000000000000
760;12757,000000000000000000;12374,000000000000000000;12656,000000000000000000
761;12757,000000000000000000;12374,000000000000000000;12656,000000000000000000
762;12757,000000000000000000;12374,000000000000000000;12656,000000000000000000
763;12757,000000000000000000;12374,000000000000000000;12656,000000000000000000
764;12757,000000000000000000;12374,000000000000000000;12656,000000000000000000
765;12757,000000000000000000;12374,000000000000000000;12656,000000000000000000
766;12757,000000000000000000;12374,000000000000000000;12657,000000000000000000
767;12757,000000000000000000;12374,000000000000000000;12657,000000000000000000
768;12757,000000000000000000;12374,000000000000000000;12657,000000000000000000
769;12757,000000000000000000;12374,000000000000000000;12657,000000000000000000
770;12757,000000000000000000;12374,000000000000000000;12657,000000000000000000
771;12757,000000000000000000;12374,000000000000000000;12657,000000000000000000
772;12757,000000000000000000;12374,000000000000000000;12657,000000000000000000
773;12757,000000000000000000;12374,000000000000000000;12657,000000000000000000
774;12757,000000000000000000;12374,000000000000000000;12657,000000000000000000
775;12757,000000000000000000;12374,000000000000000000;12657,000000000000000000
776;12757,000000000000000000;12374,000000000000000000;12657,000000000000000000
777;12757,000000000000000000;12374,000000000000000000;12657,000000000000000000
778;12757,000000000000000000;12374,000000000000000000;12657,000000000000000000
779;12757,000000000000000000;12374,000000000000000000;12657,000000000000000000
780;12757,000000000000000000;12374,000000000000000000;12657,000000000000000000
781;12757,000000000000000000;12374,000000000000000000;12658,000000000000000000
782;12757,000000000000000000;12374,000000000000000000;12658,000000000000000000
783;12757,000000000000000000;12374,000000000000000000;12658,000000000000000000
784;12757,000000000000000000;12374,000000000000000000;12658,000000000000000000
785;12757,000000000000000000;12374,000000000000000000;12658,000000000000000000
786;12757,000000000000000000;12374,000000000000000000;12658,000000000000000000
787;12757,000000000000000000;12374,000000000000000000;12658,000000000000000000
788;12757,000000000000000000;12374,000000000000000000;12658,000000000000000000
789;12757,000000000000000000;12374,000000000000000000;12658,000000000000000000
790;12757,000000000000000000;12374,000000000000000000;12658,000000000000000000
791;12757,000000000000000000;12374,000000000000000000;12658,000000000000000000
792;12757,000000000000000000;12374,000000000000000000;12658,000000000000000000
793;12757,000000000000000000;12374,000000000000000000;12659,000000000000000000
794;12757,000000000000000000;12374,000000000000000000;12659,000000000000000000
795;12757,000000000000000000;12374,000000000000000000;12659,000000000000000000
796;12757,000000000000000000;12374,000000000000000000;12659,000000000000000000
797;12757,000000000000000000;12374,000000000000000000;12659,000000000000000000
798;12757,000000000000000000;12374,000000000000000000;12659,000000000000000000
799;12757,000000000000000000;12374,000000000000000000;12659,000000000000000000
800;12757,000000000000000000;12374,000000000000000000;12659,000000000000000000
801;12757,000000000000000000;12374,000000000000000000;12659,000000000000000000
802;12757,000000000000000000;12374,000000000000000000;12659,000000000000000000
803;12757,000000000000000000;12374,000000000000000000;12660,000000000000000000
804;12757,000000000000000000;12374,000000000000000000;12660,000000000000000000
805;12757,000000000000000000;12374,000000000000000000;12660,000000000000000000
806;12757,000000000000000000;12374,000000000000000000;12660,000000000000000000
807;12757,000000000000000000;12374,000000000000000000;12660,000000000000000000
808;12757,000000000000000000;12374,000000000000000000;12660,000000000000000000
809;12757,000000000000000000;12374,000000000000000000;12660,000000000000000000
810;12757,000000000000000000;12374,000000000000000000;12660,000000000000000000
811;12757,000000000000000000;12374,000000000000000000;12660,000000000000000000
812;12757,000000000000000000;12374,000000000000000000;12661,000000000000000000
813;12757,000000000000000000;12374,000000000000000000;12661,000000000000000000
814;12757,000000000000000000;12374,000000000000000000;12661,000000000000000000
815;12757,000000000000000000;12374,000000000000000000;12661,000000000000000000
816;12757,000000000000000000;12374,000000000000000000;12661,000000000000000000
817;12757,000000000000000000;12374,000000000000000000;12661,000000000000000000
818;12757,000000000000000000;12374,000000000000000000;12661,000000000000000000
819;12757,000000000000000000;12374,000000000000000000;12661,000000000000000000
820;12757,000000000000000000;12374,000000000000000000;12661,000000000000000000
821;12757,000000000000000000;12374,000000000000000000;12661,000000000000000000
822;12757,000000000000000000;12374,000000000000000000;12661,000000000000000000
823;12757,000000000000000000;12374,000000000000000000;12661,000000000000000000
824;12757,000000000000000000;12374,000000000000000000;12661,000000000000000000
825;12757,000000000000000000;12374,000000000000000000;12661,000000000000000000
826;12757,000000000000000000;12374,000000000000000000;12662,000000000000000000
827;12757,000000000000000000;12374,000000000000000000;12662,000000000000000000
828;12757,000000000000000000;12374,000000000000000000;12662,000000000000000000
829;12757,000000000000000000;12374,000000000000000000;12662,000000000000000000
830;12757,000000000000000000;12374,000000000000000000;12662,000000000000000000
831;12757,000000000000000000;12374,000000000000000000;12662,000000000000000000
832;12757,000000000000000000;12374,000000000000000000;12662,000000000000000000
833;12757,000000000000000000;12374,000000000000000000;12663,000000000000000000
834;12757,000000000000000000;12374,000000000000000000;12663,000000000000000000
835;12757,000000000000000000;12374,000000000000000000;12663,000000000000000000
836;12757,000000000000000000;12374,000000000000000000;12663,000000000000000000
837;12757,000000000000000000;12374,000000000000000000;12663,000000000000000000
838;12757,000000000000000000;12374,000000000000000000;12663,000000000000000000
839;12757,000000000000000000;12374,000000000000000000;12663,000000000000000000
840;12757,000000000000000000;12374,000000000000000000;12663,000000000000000000
841;12757,000000000000000000;12374,000000000000000000;12663,000000000000000000
842;12757,000000000000000000;12374,000000000000000000;12663,000000000000000000
843;12757,000000000000000000;12374,000000000000000000;12663,000000000000000000
844;12757,000000000000000000;12374,000000000000000000;12663,000000000000000000
845;12757,000000000000000000;12374,000000000000000000;12663,000000000000000000
846;12757,000000000000000000;12374,000000000000000000;12663,000000000000000000
847;12757,000000000000000000;12374,000000000000000000;12664,000000000000000000
848;12757,000000000000000000;12374,000000000000000000;12664,000000000000000000
849;12757,000000000000000000;12374,000000000000000000;12664,000000000000000000
850;12757,000000000000000000;12374,000000000000000000;12664,000000000000000000
851;12757,000000000000000000;12374,000000000000000000;12664,000000000000000000
852;12757,000000000000000000;12374,000000000000000000;12664,000000000000000000
853;12757,000000000000000000;12374,000000000000000000;12664,000000000000000000
854;12757,000000000000000000;12374,000000000000000000;12664,000000000000000000
855;12757,000000000000000000;12374,000000000000000000;12664,000000000000000000
856;12757,000000000000000000;12374,000000000000000000;12664,000000000000000000
857;12757,000000000000000000;12374,000000000000000000;12665,000000000000000000
858;12757,000000000000000000;12374,000000000000000000;12665,000000000000000000
859;12757,000000000000000000;12374,000000000000000000;12665,000000000000000000
860;12757,000000000000000000;12374,000000000000000000;12665,000000000000000000
861;12757,000000000000000000;12374,000000000000000000;12666,000000000000000000
862;12757,000000000000000000;12374,000000000000000000;12666,000000000000000000
863;12757,000000000000000000;12374,000000000000000000;12666,000000000000000000
864;12757,000000000000000000;12374,000000000000000000;12666,000000000000000000
865;12757,000000000000000000;12374,000000000000000000;12666,000000000000000000
866;12757,000000000000000000;12374,000000000000000000;12666,000000000000000000
867;12757,000000000000000000;12374,000000000000000000;12666,000000000000000000
868;12757,000000000000000000;12374,000000000000000000;12666,000000000000000000
869;12757,000000000000000000;12374,000000000000000000;12666,000000000000000000
870;12757,000000000000000000;12374,000000000000000000;12666,000000000000000000
871;12757,000000000000000000;12374,000000000000000000;12666,000000000000000000
872;12757,000000000000000000;12374,000000000000000000;12666,000000000000000000
873;12757,000000000000000000;12374,000000000000000000;12666,000000000000000000
874;12757,000000000000000000;12374,000000000000000000;12666,000000000000000000
875;12757,000000000000000000;12374,000000000000000000;12667,000000000000000000
876;12757,000000000000000000;12374,000000000000000000;12667,000000000000000000
877;12757,000000000000000000;12374,000000000000000000;12667,000000000000000000
878;12757,000000000000000000;12374,000000000000000000;12667,000000000000000000
879;12757,000000000000000000;12374,000000000000000000;12667,000000000000000000
880;12757,000000000000000000;12374,000000000000000000;12667,000000000000000000
881;12757,000000000000000000;12374,000000000000000000;12667,000000000000000000
882;12757,000000000000000000;12374,000000000000000000;12668,000000000000000000
883;12757,000000000000000000;12374,000000000000000000;12668,000000000000000000
884;12757,000000000000000000;12374,000000000000000000;12669,000000000000000000
885;12757,000000000000000000;12374,000000000000000000;12669,000000000000000000
886;12757,000000000000000000;12374,000000000000000000;12669,000000000000000000
887;12757,000000000000000000;12374,000000000000000000;12669,000000000000000000
888;12757,000000000000000000;12374,000000000000000000;12669,000000000000000000
889;12757,000000000000000000;12374,000000000000000000;12669,000000000000000000
890;12757,000000000000000000;12374,000000000000000000;12669,000000000000000000
891;12757,000000000000000000;12374,000000000000000000;12669,000000000000000000
892;12757,000000000000000000;12374,000000000000000000;12669,000000000000000000
893;12757,000000000000000000;12374,000000000000000000;12670,000000000000000000
894;12757,000000000000000000;12374,000000000000000000;12670,000000000000000000
895;12757,000000000000000000;12374,000000000000000000;12670,000000000000000000
896;12757,000000000000000000;12374,000000000000000000;12670,000000000000000000
897;12757,000000000000000000;12374,000000000000000000;12670,000000000000000000
898;12757,000000000000000000;12374,000000000000000000;12671,000000000000000000
899;12757,000000000000000000;12374,000000000000000000;12671,000000000000000000
900;12757,000000000000000000;12374,000000000000000000;12671,000000000000000000
901;12757,000000000000000000;12374,000000000000000000;12671,000000000000000000
902;12757,000000000000000000;12374,000000000000000000;12672,000000000000000000
903;12757,000000000000000000;12374,000000000000000000;12672,000000000000000000
904;12757,000000000000000000;12374,000000000000000000;12672,000000000000000000
905;12757,000000000000000000;12374,000000000000000000;12672,000000000000000000
906;12757,000000000000000000;12374,000000000000000000;12672,000000000000000000
907;12757,000000000000000000;12374,000000000000000000;12672,000000000000000000
908;12757,000000000000000000;12374,000000000000000000;12672,000000000000000000
909;12757,000000000000000000;12374,000000000000000000;12672,000000000000000000
910;12757,000000000000000000;12374,000000000000000000;12673,000000000000000000
911;12757,000000000000000000;12374,000000000000000000;12673,000000000000000000
912;12757,000000000000000000;12374,000000000000000000;12673,000000000000000000
913;12757,000000000000000000;12374,000000000000000000;12673,000000000000000000
914;12757,000000000000000000;12374,000000000000000000;12673,000000000000000000
915;12757,000000000000000000;12374,000000000000000000;12673,000000000000000000
916;12757,000000000000000000;12374,000000000000000000;12673,000000000000000000
917;12757,000000000000000000;12374,000000000000000000;12673,000000000000000000
918;12757,000000000000000000;12374,000000000000000000;12673,000000000000000000
919;12757,000000000000000000;12374,000000000000000000;12673,000000000000000000
920;12757,000000000000000000;12374,000000000000000000;12673,000000000000000000
921;12757,000000000000000000;12374,000000000000000000;12673,000000000000000000
922;12757,000000000000000000;12374,000000000000000000;12673,000000000000000000
923;12757,000000000000000000;12374,000000000000000000;12674,000000000000000000
924;12757,000000000000000000;12374,000000000000000000;12674,000000000000000000
925;12757,000000000000000000;12374,000000000000000000;12674,000000000000000000
926;12757,000000000000000000;12374,000000000000000000;12674,000000000000000000
927;12757,000000000000000000;12374,000000000000000000;12674,000000000000000000
928;12757,000000000000000000;12374,000000000000000000;12675,000000000000000000
929;12757,000000000000000000;12374,000000000000000000;12675,000000000000000000
930;12757,000000000000000000;12374,000000000000000000;12675,000000000000000000
931;12757,000000000000000000;12374,000000000000000000;12675,000000000000000000
932;12757,000000000000000000;12374,000000000000000000;12675,000000000000000000
933;12757,000000000000000000;12374,000000000000000000;12676,000000000000000000
934;12757,000000000000000000;12374,000000000000000000;12676,000000000000000000
935;12757,000000000000000000;12374,000000000000000000;12676,000000000000000000
936;12757,000000000000000000;12374,000000000000000000;12676,000000000000000000
937;12757,000000000000000000;12374,000000000000000000;12676,000000000000000000
938;12757,000000000000000000;12374,000000000000000000;12676,000000000000000000
939;12757,000000000000000000;12374,000000000000000000;12676,000000000000000000
940;12757,000000000000000000;12374,000000000000000000;12676,000000000000000000
941;12757,000000000000000000;12374,000000000000000000;12676,000000000000000000
942;12757,000000000000000000;12374,000000000000000000;12676,000000000000000000
943;12757,000000000000000000;12374,000000000000000000;12676,000000000000000000
944;12757,000000000000000000;12374,000000000000000000;12677,000000000000000000
945;12757,000000000000000000;12374,000000000000000000;12677,000000000000000000
946;12757,000000000000000000;12374,000000000000000000;12677,000000000000000000
947;12757,000000000000000000;12374,000000000000000000;12677,000000000000000000
948;12757,000000000000000000;12374,000000000000000000;12677,000000000000000000
949;12757,000000000000000000;12374,000000000000000000;12677,000000000000000000
950;12757,000000000000000000;12374,000000000000000000;12678,000000000000000000
951;12757,000000000000000000;12374,000000000000000000;12678,000000000000000000
952;12757,000000000000000000;12374,000000000000000000;12678,000000000000000000
953;12757,000000000000000000;12374,000000000000000000;12678,000000000000000000
954;12757,000000000000000000;12374,000000000000000000;12679,000000000000000000
955;12757,000000000000000000;12374,000000000000000000;12679,000000000000000000
956;12757,000000000000000000;12374,000000000000000000;12679,000000000000000000
957;12757,000000000000000000;12374,000000000000000000;12679,000000000000000000
958;12757,000000000000000000;12374,000000000000000000;12679,000000000000000000
959;12757,000000000000000000;12374,000000000000000000;12679,000000000000000000
960;12757,000000000000000000;12374,000000000000000000;12679,000000000000000000
961;12757,000000000000000000;12374,000000000000000000;12679,000000000000000000
962;12757,000000000000000000;12374,000000000000000000;12679,000000000000000000
963;12757,000000000000000000;12374,000000000000000000;12679,000000000000000000
964;12757,000000000000000000;12374,000000000000000000;12679,000000000000000000
965;12757,000000000000000000;12374,000000000000000000;12679,000000000000000000
966;12757,000000000000000000;12374,000000000000000000;12680,000000000000000000
967;12757,000000000000000000;12374,000000000000000000;12680,000000000000000000
968;12757,000000000000000000;12374,000000000000000000;12680,000000000000000000
969;12757,000000000000000000;12374,000000000000000000;12680,000000000000000000
970;12757,000000000000000000;12374,000000000000000000;12680,000000000000000000
971;12757,000000000000000000;12374,000000000000000000;12680,000000000000000000
972;12757,000000000000000000;12374,000000000000000000;12681,000000000000000000
973;12757,000000000000000000;12374,000000000000000000;12681,000000000000000000
974;12757,000000000000000000;12374,000000000000000000;12681,000000000000000000
975;12757,000000000000000000;12374,000000000000000000;12681,000000000000000000
976;12757,000000000000000000;12374,000000000000000000;12681,000000000000000000
977;12757,000000000000000000;12374,000000000000000000;12681,000000000000000000
978;12757,000000000000000000;12374,000000000000000000;12682,000000000000000000
979;12757,000000000000000000;12374,000000000000000000;12682,000000000000000000
980;12757,000000000000000000;12374,000000000000000000;12682,000000000000000000
981;12757,000000000000000000;12374,000000000000000000;12682,000000000000000000
982;12757,000000000000000000;12374,000000000000000000;12682,000000000000000000
983;12757,000000000000000000;12374,000000000000000000;12682,000000000000000000
984;12757,000000000000000000;12374,000000000000000000;12682,000000000000000000
985;12757,000000000000000000;12374,000000000000000000;12682,000000000000000000
986;12757,000000000000000000;12374,000000000000000000;12682,000000000000000000
987;12757,000000000000000000;12374,000000000000000000;12682,000000000000000000
988;12757,000000000000000000;12374,000000000000000000;12682,000000000000000000
989;12757,000000000000000000;12374,000000000000000000;12682,000000000000000000
990;12757,000000000000000000;12374,000000000000000000;12682,000000000000000000
991;12757,000000000000000000;12374,000000000000000000;12682,000000000000000000
992;12757,000000000000000000;12374,000000000000000000;12682,000000000000000000
993;12757,000000000000000000;12374,000000000000000000;12682,000000000000000000
994;12757,000000000000000000;12374,000000000000000000;12682,000000000000000000
995;12757,000000000000000000;12374,000000000000000000;12682,000000000000000000
996;12757,000000000000000000;12374,000000000000000000;12682,000000000000000000
997;12757,000000000000000000;12374,000000000000000000;12682,000000000000000000
998;12757,000000000000000000;12374,000000000000000000;12682,000000000000000000
999;12757,000000000000000000;12374,000000000000000000;12682,000000000000000000
