0;35374,000000000000000000;28417,000000000000000000;32162,000000000000000000
1;35484,000000000000000000;32455,000000000000000000;33377,000000000000000000
2;35871,000000000000000000;33142,000000000000000000;33902,000000000000000000
3;35871,000000000000000000;33636,000000000000000000;34343,000000000000000000
4;35933,000000000000000000;34158,000000000000000000;34741,000000000000000000
5;36174,000000000000000000;34686,000000000000000000;35109,000000000000000000
6;36446,000000000000000000;35037,000000000000000000;35340,000000000000000000
7;36446,000000000000000000;35355,000000000000000000;35592,000000000000000000
8;36446,000000000000000000;35507,000000000000000000;35793,000000000000000000
9;36446,000000000000000000;35800,000000000000000000;36004,000000000000000000
10;36493,000000000000000000;35988,000000000000000000;36170,000000000000000000
11;36493,000000000000000000;36128,000000000000000000;36267,000000000000000000
12;36537,000000000000000000;36328,000000000000000000;36406,000000000000000000
13;36613,000000000000000000;36446,000000000000000000;36454,000000000000000000
14;36725,000000000000000000;36446,000000000000000000;36470,000000000000000000
15;36725,000000000000000000;36446,000000000000000000;36502,000000000000000000
16;36816,000000000000000000;36493,000000000000000000;36535,000000000000000000
17;36816,000000000000000000;36537,000000000000000000;36594,000000000000000000
18;36816,000000000000000000;36537,000000000000000000;36689,000000000000000000
19;36816,000000000000000000;36725,000000000000000000;36782,000000000000000000
20;36816,000000000000000000;36816,000000000000000000;36816,000000000000000000
21;36816,000000000000000000;36816,000000000000000000;36816,000000000000000000
22;36816,000000000000000000;36816,000000000000000000;36816,000000000000000000
23;36816,000000000000000000;36816,000000000000000000;36816,000000000000000000
24;36816,000000000000000000;36816,000000000000000000;36816,000000000000000000
25;36816,000000000000000000;36816,000000000000000000;36816,000000000000000000
26;36816,000000000000000000;36816,000000000000000000;36816,000000000000000000
27;36816,000000000000000000;36816,000000000000000000;36816,000000000000000000
28;36816,000000000000000000;36816,000000000000000000;36816,000000000000000000
29;36816,000000000000000000;36816,000000000000000000;36816,000000000000000000
30;36816,000000000000000000;36816,000000000000000000;36816,000000000000000000
31;36816,000000000000000000;36816,000000000000000000;36816,000000000000000000
32;36816,000000000000000000;36816,000000000000000000;36816,000000000000000000
33;36816,000000000000000000;36816,000000000000000000;36816,000000000000000000
34;36816,000000000000000000;36816,000000000000000000;36816,000000000000000000
35;36816,000000000000000000;36816,000000000000000000;36816,000000000000000000
36;36816,000000000000000000;36816,000000000000000000;36816,000000000000000000
37;36816,000000000000000000;36816,000000000000000000;36816,000000000000000000
38;36816,000000000000000000;36816,000000000000000000;36816,000000000000000000
39;36816,000000000000000000;36816,000000000000000000;36816,000000000000000000
40;36816,000000000000000000;36816,000000000000000000;36816,000000000000000000
41;36816,000000000000000000;36816,000000000000000000;36816,000000000000000000
42;36816,000000000000000000;36816,000000000000000000;36816,000000000000000000
43;36816,000000000000000000;36816,000000000000000000;36816,000000000000000000
44;36816,000000000000000000;36816,000000000000000000;36816,000000000000000000
45;36816,000000000000000000;36816,000000000000000000;36816,000000000000000000
46;36816,000000000000000000;36816,000000000000000000;36816,000000000000000000
47;36816,000000000000000000;36816,000000000000000000;36816,000000000000000000
48;36816,000000000000000000;36816,000000000000000000;36816,000000000000000000
49;36816,000000000000000000;36816,000000000000000000;36816,000000000000000000
50;36816,000000000000000000;36816,000000000000000000;36816,000000000000000000
51;36816,000000000000000000;36816,000000000000000000;36816,000000000000000000
52;36816,000000000000000000;36816,000000000000000000;36816,000000000000000000
53;36816,000000000000000000;36816,000000000000000000;36816,000000000000000000
54;36816,000000000000000000;36816,000000000000000000;36816,000000000000000000
55;36816,000000000000000000;36816,000000000000000000;36816,000000000000000000
56;36816,000000000000000000;36816,000000000000000000;36816,000000000000000000
57;36816,000000000000000000;36816,000000000000000000;36816,000000000000000000
58;36816,000000000000000000;36816,000000000000000000;36816,000000000000000000
59;36816,000000000000000000;36816,000000000000000000;36816,000000000000000000
60;36816,000000000000000000;36816,000000000000000000;36816,000000000000000000
61;36816,000000000000000000;36816,000000000000000000;36816,000000000000000000
62;36816,000000000000000000;36816,000000000000000000;36816,000000000000000000
63;36816,000000000000000000;36816,000000000000000000;36816,000000000000000000
64;36816,000000000000000000;36816,000000000000000000;36816,000000000000000000
65;36816,000000000000000000;36816,000000000000000000;36816,000000000000000000
66;36816,000000000000000000;36816,000000000000000000;36816,000000000000000000
67;36816,000000000000000000;36816,000000000000000000;36816,000000000000000000
68;36816,000000000000000000;36816,000000000000000000;36816,000000000000000000
69;36816,000000000000000000;36816,000000000000000000;36816,000000000000000000
70;36816,000000000000000000;36816,000000000000000000;36816,000000000000000000
71;36816,000000000000000000;36816,000000000000000000;36816,000000000000000000
72;36816,000000000000000000;36816,000000000000000000;36816,000000000000000000
73;36816,000000000000000000;36816,000000000000000000;36816,000000000000000000
74;36816,000000000000000000;36816,000000000000000000;36816,000000000000000000
75;36816,000000000000000000;36816,000000000000000000;36816,000000000000000000
76;36816,000000000000000000;36816,000000000000000000;36816,000000000000000000
77;36816,000000000000000000;36816,000000000000000000;36816,000000000000000000
78;36816,000000000000000000;36816,000000000000000000;36816,000000000000000000
79;36816,000000000000000000;36816,000000000000000000;36816,000000000000000000
80;36816,000000000000000000;36816,000000000000000000;36816,000000000000000000
81;36816,000000000000000000;36816,000000000000000000;36816,000000000000000000
82;36816,000000000000000000;36816,000000000000000000;36816,000000000000000000
83;36816,000000000000000000;36816,000000000000000000;36816,000000000000000000
84;36816,000000000000000000;36816,000000000000000000;36816,000000000000000000
85;36816,000000000000000000;36816,000000000000000000;36816,000000000000000000
86;36816,000000000000000000;36816,000000000000000000;36816,000000000000000000
87;36816,000000000000000000;36816,000000000000000000;36816,000000000000000000
88;36816,000000000000000000;36816,000000000000000000;36816,000000000000000000
89;36816,000000000000000000;36816,000000000000000000;36816,000000000000000000
90;36816,000000000000000000;36816,000000000000000000;36816,000000000000000000
91;36816,000000000000000000;36816,000000000000000000;36816,000000000000000000
92;36816,000000000000000000;36816,000000000000000000;36816,000000000000000000
93;36816,000000000000000000;36816,000000000000000000;36816,000000000000000000
94;36816,000000000000000000;36816,000000000000000000;36816,000000000000000000
95;36816,000000000000000000;36816,000000000000000000;36816,000000000000000000
96;36816,000000000000000000;36816,000000000000000000;36816,000000000000000000
97;36816,000000000000000000;36816,000000000000000000;36816,000000000000000000
98;36816,000000000000000000;36816,000000000000000000;36816,000000000000000000
99;36816,000000000000000000;36816,000000000000000000;36816,000000000000000000
100;36816,000000000000000000;36816,000000000000000000;36816,000000000000000000
101;36816,000000000000000000;36816,000000000000000000;36816,000000000000000000
102;36816,000000000000000000;36816,000000000000000000;36816,000000000000000000
103;36816,000000000000000000;36816,000000000000000000;36816,000000000000000000
104;36816,000000000000000000;36816,000000000000000000;36816,000000000000000000
105;36816,000000000000000000;36816,000000000000000000;36816,000000000000000000
106;36816,000000000000000000;36816,000000000000000000;36816,000000000000000000
107;36816,000000000000000000;36816,000000000000000000;36816,000000000000000000
108;36816,000000000000000000;36816,000000000000000000;36816,000000000000000000
109;36816,000000000000000000;36816,000000000000000000;36816,000000000000000000
110;36816,000000000000000000;36816,000000000000000000;36816,000000000000000000
111;36816,000000000000000000;36816,000000000000000000;36816,000000000000000000
112;36816,000000000000000000;36816,000000000000000000;36816,000000000000000000
113;36816,000000000000000000;36816,000000000000000000;36816,000000000000000000
114;36816,000000000000000000;36816,000000000000000000;36816,000000000000000000
115;36816,000000000000000000;36816,000000000000000000;36816,000000000000000000
116;36816,000000000000000000;36816,000000000000000000;36816,000000000000000000
117;36816,000000000000000000;36816,000000000000000000;36816,000000000000000000
118;36816,000000000000000000;36816,000000000000000000;36816,000000000000000000
119;36816,000000000000000000;36816,000000000000000000;36816,000000000000000000
120;36816,000000000000000000;36816,000000000000000000;36816,000000000000000000
121;36816,000000000000000000;36816,000000000000000000;36816,000000000000000000
122;36816,000000000000000000;36816,000000000000000000;36816,000000000000000000
123;36816,000000000000000000;36816,000000000000000000;36816,000000000000000000
124;36816,000000000000000000;36816,000000000000000000;36816,000000000000000000
125;36816,000000000000000000;36816,000000000000000000;36816,000000000000000000
126;36816,000000000000000000;36816,000000000000000000;36816,000000000000000000
127;36816,000000000000000000;36816,000000000000000000;36816,000000000000000000
128;36816,000000000000000000;36816,000000000000000000;36816,000000000000000000
129;36816,000000000000000000;36816,000000000000000000;36816,000000000000000000
130;36816,000000000000000000;36816,000000000000000000;36816,000000000000000000
131;36816,000000000000000000;36816,000000000000000000;36816,000000000000000000
132;36816,000000000000000000;36816,000000000000000000;36816,000000000000000000
133;36816,000000000000000000;36816,000000000000000000;36816,000000000000000000
134;36816,000000000000000000;36816,000000000000000000;36816,000000000000000000
135;36816,000000000000000000;36816,000000000000000000;36816,000000000000000000
136;36816,000000000000000000;36816,000000000000000000;36816,000000000000000000
137;36816,000000000000000000;36816,000000000000000000;36816,000000000000000000
138;36816,000000000000000000;36816,000000000000000000;36816,000000000000000000
139;36816,000000000000000000;36816,000000000000000000;36816,000000000000000000
140;36816,000000000000000000;36816,000000000000000000;36816,000000000000000000
141;36816,000000000000000000;36816,000000000000000000;36816,000000000000000000
142;36816,000000000000000000;36816,000000000000000000;36816,000000000000000000
143;36816,000000000000000000;36816,000000000000000000;36816,000000000000000000
144;36816,000000000000000000;36816,000000000000000000;36816,000000000000000000
145;36816,000000000000000000;36816,000000000000000000;36816,000000000000000000
146;36816,000000000000000000;36816,000000000000000000;36816,000000000000000000
147;36816,000000000000000000;36816,000000000000000000;36816,000000000000000000
148;36816,000000000000000000;36816,000000000000000000;36816,000000000000000000
149;36816,000000000000000000;36816,000000000000000000;36816,000000000000000000
150;36816,000000000000000000;36816,000000000000000000;36816,000000000000000000
151;36816,000000000000000000;36816,000000000000000000;36816,000000000000000000
152;36816,000000000000000000;36816,000000000000000000;36816,000000000000000000
153;36816,000000000000000000;36816,000000000000000000;36816,000000000000000000
154;36816,000000000000000000;36816,000000000000000000;36816,000000000000000000
155;36816,000000000000000000;36816,000000000000000000;36816,000000000000000000
156;36816,000000000000000000;36816,000000000000000000;36816,000000000000000000
157;36816,000000000000000000;36816,000000000000000000;36816,000000000000000000
158;36816,000000000000000000;36816,000000000000000000;36816,000000000000000000
159;36816,000000000000000000;36816,000000000000000000;36816,000000000000000000
160;36816,000000000000000000;36816,000000000000000000;36816,000000000000000000
161;36816,000000000000000000;36816,000000000000000000;36816,000000000000000000
162;36816,000000000000000000;36816,000000000000000000;36816,000000000000000000
163;36816,000000000000000000;36816,000000000000000000;36816,000000000000000000
164;36816,000000000000000000;36816,000000000000000000;36816,000000000000000000
165;36816,000000000000000000;36816,000000000000000000;36816,000000000000000000
166;36816,000000000000000000;36816,000000000000000000;36816,000000000000000000
167;36816,000000000000000000;36816,000000000000000000;36816,000000000000000000
168;36816,000000000000000000;36816,000000000000000000;36816,000000000000000000
169;36816,000000000000000000;36816,000000000000000000;36816,000000000000000000
170;36816,000000000000000000;36816,000000000000000000;36816,000000000000000000
171;36816,000000000000000000;36816,000000000000000000;36816,000000000000000000
172;36816,000000000000000000;36816,000000000000000000;36816,000000000000000000
173;36816,000000000000000000;36816,000000000000000000;36816,000000000000000000
174;36816,000000000000000000;36816,000000000000000000;36816,000000000000000000
175;36816,000000000000000000;36816,000000000000000000;36816,000000000000000000
176;36816,000000000000000000;36816,000000000000000000;36816,000000000000000000
177;36816,000000000000000000;36816,000000000000000000;36816,000000000000000000
178;36816,000000000000000000;36816,000000000000000000;36816,000000000000000000
179;36816,000000000000000000;36816,000000000000000000;36816,000000000000000000
180;36816,000000000000000000;36816,000000000000000000;36816,000000000000000000
181;36816,000000000000000000;36816,000000000000000000;36816,000000000000000000
182;36816,000000000000000000;36816,000000000000000000;36816,000000000000000000
183;36816,000000000000000000;36816,000000000000000000;36816,000000000000000000
184;36816,000000000000000000;36816,000000000000000000;36816,000000000000000000
185;36816,000000000000000000;36816,000000000000000000;36816,000000000000000000
186;36816,000000000000000000;36816,000000000000000000;36816,000000000000000000
187;36816,000000000000000000;36816,000000000000000000;36816,000000000000000000
188;36816,000000000000000000;36816,000000000000000000;36816,000000000000000000
189;36816,000000000000000000;36816,000000000000000000;36816,000000000000000000
190;36816,000000000000000000;36816,000000000000000000;36816,000000000000000000
191;36816,000000000000000000;36816,000000000000000000;36816,000000000000000000
192;36816,000000000000000000;36816,000000000000000000;36816,000000000000000000
193;36816,000000000000000000;36816,000000000000000000;36816,000000000000000000
194;36816,000000000000000000;36816,000000000000000000;36816,000000000000000000
195;36816,000000000000000000;36816,000000000000000000;36816,000000000000000000
196;36816,000000000000000000;36816,000000000000000000;36816,000000000000000000
197;36816,000000000000000000;36816,000000000000000000;36816,000000000000000000
198;36816,000000000000000000;36816,000000000000000000;36816,000000000000000000
199;36816,000000000000000000;36816,000000000000000000;36816,000000000000000000
200;36816,000000000000000000;36816,000000000000000000;36816,000000000000000000
201;36816,000000000000000000;36816,000000000000000000;36816,000000000000000000
202;36816,000000000000000000;36816,000000000000000000;36816,000000000000000000
203;36816,000000000000000000;36816,000000000000000000;36816,000000000000000000
204;36816,000000000000000000;36816,000000000000000000;36816,000000000000000000
205;36816,000000000000000000;36816,000000000000000000;36816,000000000000000000
206;36816,000000000000000000;36816,000000000000000000;36816,000000000000000000
207;36816,000000000000000000;36816,000000000000000000;36816,000000000000000000
208;36816,000000000000000000;36816,000000000000000000;36816,000000000000000000
209;36816,000000000000000000;36816,000000000000000000;36816,000000000000000000
210;36816,000000000000000000;36816,000000000000000000;36816,000000000000000000
211;36816,000000000000000000;36816,000000000000000000;36816,000000000000000000
212;36816,000000000000000000;36816,000000000000000000;36816,000000000000000000
213;36816,000000000000000000;36816,000000000000000000;36816,000000000000000000
214;36816,000000000000000000;36816,000000000000000000;36816,000000000000000000
215;36816,000000000000000000;36816,000000000000000000;36816,000000000000000000
216;36816,000000000000000000;36816,000000000000000000;36816,000000000000000000
217;36816,000000000000000000;36816,000000000000000000;36816,000000000000000000
218;36816,000000000000000000;36816,000000000000000000;36816,000000000000000000
219;36816,000000000000000000;36816,000000000000000000;36816,000000000000000000
220;36816,000000000000000000;36816,000000000000000000;36816,000000000000000000
221;36816,000000000000000000;36816,000000000000000000;36816,000000000000000000
222;36816,000000000000000000;36816,000000000000000000;36816,000000000000000000
223;36816,000000000000000000;36816,000000000000000000;36816,000000000000000000
224;36816,000000000000000000;36816,000000000000000000;36816,000000000000000000
225;36816,000000000000000000;36816,000000000000000000;36816,000000000000000000
226;36816,000000000000000000;36816,000000000000000000;36816,000000000000000000
227;36816,000000000000000000;36816,000000000000000000;36816,000000000000000000
228;36816,000000000000000000;36816,000000000000000000;36816,000000000000000000
229;36816,000000000000000000;36816,000000000000000000;36816,000000000000000000
230;36816,000000000000000000;36816,000000000000000000;36816,000000000000000000
231;36816,000000000000000000;36816,000000000000000000;36816,000000000000000000
232;36816,000000000000000000;36816,000000000000000000;36816,000000000000000000
233;36816,000000000000000000;36816,000000000000000000;36816,000000000000000000
234;36816,000000000000000000;36816,000000000000000000;36816,000000000000000000
235;36816,000000000000000000;36816,000000000000000000;36816,000000000000000000
236;36816,000000000000000000;36816,000000000000000000;36816,000000000000000000
237;36816,000000000000000000;36816,000000000000000000;36816,000000000000000000
238;36816,000000000000000000;36816,000000000000000000;36816,000000000000000000
239;36816,000000000000000000;36816,000000000000000000;36816,000000000000000000
240;36816,000000000000000000;36816,000000000000000000;36816,000000000000000000
241;36816,000000000000000000;36816,000000000000000000;36816,000000000000000000
242;36816,000000000000000000;36816,000000000000000000;36816,000000000000000000
243;36816,000000000000000000;36816,000000000000000000;36816,000000000000000000
244;36816,000000000000000000;36816,000000000000000000;36816,000000000000000000
245;36816,000000000000000000;36816,000000000000000000;36816,000000000000000000
246;36816,000000000000000000;36816,000000000000000000;36816,000000000000000000
247;36816,000000000000000000;36816,000000000000000000;36816,000000000000000000
248;36816,000000000000000000;36816,000000000000000000;36816,000000000000000000
249;36816,000000000000000000;36816,000000000000000000;36816,000000000000000000
250;36816,000000000000000000;36816,000000000000000000;36816,000000000000000000
251;36816,000000000000000000;36816,000000000000000000;36816,000000000000000000
252;36816,000000000000000000;36816,000000000000000000;36816,000000000000000000
253;36816,000000000000000000;36816,000000000000000000;36816,000000000000000000
254;36816,000000000000000000;36816,000000000000000000;36816,000000000000000000
255;36816,000000000000000000;36816,000000000000000000;36816,000000000000000000
256;36816,000000000000000000;36816,000000000000000000;36816,000000000000000000
257;36816,000000000000000000;36816,000000000000000000;36816,000000000000000000
258;36816,000000000000000000;36816,000000000000000000;36816,000000000000000000
259;36816,000000000000000000;36816,000000000000000000;36816,000000000000000000
260;36816,000000000000000000;36816,000000000000000000;36816,000000000000000000
261;36816,000000000000000000;36816,000000000000000000;36816,000000000000000000
262;36816,000000000000000000;36816,000000000000000000;36816,000000000000000000
263;36816,000000000000000000;36816,000000000000000000;36816,000000000000000000
264;36816,000000000000000000;36816,000000000000000000;36816,000000000000000000
265;36816,000000000000000000;36816,000000000000000000;36816,000000000000000000
266;36816,000000000000000000;36816,000000000000000000;36816,000000000000000000
267;36816,000000000000000000;36816,000000000000000000;36816,000000000000000000
268;36816,000000000000000000;36816,000000000000000000;36816,000000000000000000
269;36816,000000000000000000;36816,000000000000000000;36816,000000000000000000
270;36816,000000000000000000;36816,000000000000000000;36816,000000000000000000
271;36816,000000000000000000;36816,000000000000000000;36816,000000000000000000
272;36816,000000000000000000;36816,000000000000000000;36816,000000000000000000
273;36816,000000000000000000;36816,000000000000000000;36816,000000000000000000
274;36816,000000000000000000;36816,000000000000000000;36816,000000000000000000
275;36816,000000000000000000;36816,000000000000000000;36816,000000000000000000
276;36816,000000000000000000;36816,000000000000000000;36816,000000000000000000
277;36816,000000000000000000;36816,000000000000000000;36816,000000000000000000
278;36816,000000000000000000;36816,000000000000000000;36816,000000000000000000
279;36816,000000000000000000;36816,000000000000000000;36816,000000000000000000
280;36816,000000000000000000;36816,000000000000000000;36816,000000000000000000
281;36816,000000000000000000;36816,000000000000000000;36816,000000000000000000
282;36816,000000000000000000;36816,000000000000000000;36816,000000000000000000
283;36816,000000000000000000;36816,000000000000000000;36816,000000000000000000
284;36816,000000000000000000;36816,000000000000000000;36816,000000000000000000
285;36816,000000000000000000;36816,000000000000000000;36816,000000000000000000
286;36816,000000000000000000;36816,000000000000000000;36816,000000000000000000
287;36816,000000000000000000;36816,000000000000000000;36816,000000000000000000
288;36816,000000000000000000;36816,000000000000000000;36816,000000000000000000
289;36816,000000000000000000;36816,000000000000000000;36816,000000000000000000
290;36816,000000000000000000;36816,000000000000000000;36816,000000000000000000
291;36816,000000000000000000;36816,000000000000000000;36816,000000000000000000
292;36816,000000000000000000;36816,000000000000000000;36816,000000000000000000
293;36816,000000000000000000;36816,000000000000000000;36816,000000000000000000
294;36816,000000000000000000;36816,000000000000000000;36816,000000000000000000
295;36816,000000000000000000;36816,000000000000000000;36816,000000000000000000
296;36816,000000000000000000;36816,000000000000000000;36816,000000000000000000
297;36816,000000000000000000;36816,000000000000000000;36816,000000000000000000
298;36816,000000000000000000;36816,000000000000000000;36816,000000000000000000
299;36816,000000000000000000;36816,000000000000000000;36816,000000000000000000
300;36816,000000000000000000;36816,000000000000000000;36816,000000000000000000
301;36816,000000000000000000;36816,000000000000000000;36816,000000000000000000
302;36816,000000000000000000;36816,000000000000000000;36816,000000000000000000
303;36816,000000000000000000;36816,000000000000000000;36816,000000000000000000
304;36816,000000000000000000;36816,000000000000000000;36816,000000000000000000
305;36816,000000000000000000;36816,000000000000000000;36816,000000000000000000
306;36816,000000000000000000;36816,000000000000000000;36816,000000000000000000
307;36816,000000000000000000;36816,000000000000000000;36816,000000000000000000
308;36816,000000000000000000;36816,000000000000000000;36816,000000000000000000
309;36816,000000000000000000;36816,000000000000000000;36816,000000000000000000
310;36816,000000000000000000;36816,000000000000000000;36816,000000000000000000
311;36816,000000000000000000;36816,000000000000000000;36816,000000000000000000
312;36816,000000000000000000;36816,000000000000000000;36816,000000000000000000
313;36816,000000000000000000;36816,000000000000000000;36816,000000000000000000
314;36816,000000000000000000;36816,000000000000000000;36816,000000000000000000
315;36816,000000000000000000;36816,000000000000000000;36816,000000000000000000
316;36816,000000000000000000;36816,000000000000000000;36816,000000000000000000
317;36816,000000000000000000;36816,000000000000000000;36816,000000000000000000
318;36816,000000000000000000;36816,000000000000000000;36816,000000000000000000
319;36816,000000000000000000;36816,000000000000000000;36816,000000000000000000
320;36816,000000000000000000;36816,000000000000000000;36816,000000000000000000
321;36816,000000000000000000;36816,000000000000000000;36816,000000000000000000
322;36816,000000000000000000;36816,000000000000000000;36816,000000000000000000
323;36816,000000000000000000;36816,000000000000000000;36816,000000000000000000
324;36816,000000000000000000;36816,000000000000000000;36816,000000000000000000
325;36816,000000000000000000;36816,000000000000000000;36816,000000000000000000
326;36816,000000000000000000;36816,000000000000000000;36816,000000000000000000
327;36816,000000000000000000;36816,000000000000000000;36816,000000000000000000
328;36816,000000000000000000;36816,000000000000000000;36816,000000000000000000
329;36816,000000000000000000;36816,000000000000000000;36816,000000000000000000
330;36816,000000000000000000;36816,000000000000000000;36816,000000000000000000
331;36816,000000000000000000;36816,000000000000000000;36816,000000000000000000
332;36816,000000000000000000;36816,000000000000000000;36816,000000000000000000
333;36816,000000000000000000;36816,000000000000000000;36816,000000000000000000
334;36816,000000000000000000;36816,000000000000000000;36816,000000000000000000
335;36816,000000000000000000;36816,000000000000000000;36816,000000000000000000
336;36816,000000000000000000;36816,000000000000000000;36816,000000000000000000
337;36816,000000000000000000;36816,000000000000000000;36816,000000000000000000
338;36816,000000000000000000;36816,000000000000000000;36816,000000000000000000
339;36816,000000000000000000;36816,000000000000000000;36816,000000000000000000
340;36816,000000000000000000;36816,000000000000000000;36816,000000000000000000
341;36816,000000000000000000;36816,000000000000000000;36816,000000000000000000
342;36816,000000000000000000;36816,000000000000000000;36816,000000000000000000
343;36816,000000000000000000;36816,000000000000000000;36816,000000000000000000
344;36816,000000000000000000;36816,000000000000000000;36816,000000000000000000
345;36816,000000000000000000;36816,000000000000000000;36816,000000000000000000
346;36816,000000000000000000;36816,000000000000000000;36816,000000000000000000
347;36816,000000000000000000;36816,000000000000000000;36816,000000000000000000
348;36816,000000000000000000;36816,000000000000000000;36816,000000000000000000
349;36816,000000000000000000;36816,000000000000000000;36816,000000000000000000
350;36816,000000000000000000;36816,000000000000000000;36816,000000000000000000
351;36816,000000000000000000;36816,000000000000000000;36816,000000000000000000
352;36816,000000000000000000;36816,000000000000000000;36816,000000000000000000
353;36816,000000000000000000;36816,000000000000000000;36816,000000000000000000
354;36816,000000000000000000;36816,000000000000000000;36816,000000000000000000
355;36816,000000000000000000;36816,000000000000000000;36816,000000000000000000
356;36816,000000000000000000;36816,000000000000000000;36816,000000000000000000
357;36816,000000000000000000;36816,000000000000000000;36816,000000000000000000
358;36816,000000000000000000;36816,000000000000000000;36816,000000000000000000
359;36816,000000000000000000;36816,000000000000000000;36816,000000000000000000
360;36816,000000000000000000;36816,000000000000000000;36816,000000000000000000
361;36816,000000000000000000;36816,000000000000000000;36816,000000000000000000
362;36816,000000000000000000;36816,000000000000000000;36816,000000000000000000
363;36816,000000000000000000;36816,000000000000000000;36816,000000000000000000
364;36816,000000000000000000;36816,000000000000000000;36816,000000000000000000
365;36816,000000000000000000;36816,000000000000000000;36816,000000000000000000
366;36816,000000000000000000;36816,000000000000000000;36816,000000000000000000
367;36816,000000000000000000;36816,000000000000000000;36816,000000000000000000
368;36816,000000000000000000;36816,000000000000000000;36816,000000000000000000
369;36816,000000000000000000;36816,000000000000000000;36816,000000000000000000
370;36816,000000000000000000;36816,000000000000000000;36816,000000000000000000
371;36816,000000000000000000;36816,000000000000000000;36816,000000000000000000
372;36816,000000000000000000;36816,000000000000000000;36816,000000000000000000
373;36816,000000000000000000;36816,000000000000000000;36816,000000000000000000
374;36816,000000000000000000;36816,000000000000000000;36816,000000000000000000
375;36816,000000000000000000;36816,000000000000000000;36816,000000000000000000
376;36816,000000000000000000;36816,000000000000000000;36816,000000000000000000
377;36816,000000000000000000;36816,000000000000000000;36816,000000000000000000
378;36816,000000000000000000;36816,000000000000000000;36816,000000000000000000
379;36816,000000000000000000;36816,000000000000000000;36816,000000000000000000
380;36816,000000000000000000;36816,000000000000000000;36816,000000000000000000
381;36816,000000000000000000;36816,000000000000000000;36816,000000000000000000
382;36816,000000000000000000;36816,000000000000000000;36816,000000000000000000
383;36816,000000000000000000;36816,000000000000000000;36816,000000000000000000
384;36816,000000000000000000;36816,000000000000000000;36816,000000000000000000
385;36816,000000000000000000;36816,000000000000000000;36816,000000000000000000
386;36816,000000000000000000;36816,000000000000000000;36816,000000000000000000
387;36816,000000000000000000;36816,000000000000000000;36816,000000000000000000
388;36816,000000000000000000;36816,000000000000000000;36816,000000000000000000
389;36816,000000000000000000;36816,000000000000000000;36816,000000000000000000
390;36816,000000000000000000;36816,000000000000000000;36816,000000000000000000
391;36816,000000000000000000;36816,000000000000000000;36816,000000000000000000
392;36816,000000000000000000;36816,000000000000000000;36816,000000000000000000
393;36816,000000000000000000;36816,000000000000000000;36816,000000000000000000
394;36816,000000000000000000;36816,000000000000000000;36816,000000000000000000
395;36816,000000000000000000;36816,000000000000000000;36816,000000000000000000
396;36816,000000000000000000;36816,000000000000000000;36816,000000000000000000
397;36816,000000000000000000;36816,000000000000000000;36816,000000000000000000
398;36816,000000000000000000;36816,000000000000000000;36816,000000000000000000
399;36816,000000000000000000;36816,000000000000000000;36816,000000000000000000
400;36816,000000000000000000;36816,000000000000000000;36816,000000000000000000
401;36816,000000000000000000;36816,000000000000000000;36816,000000000000000000
402;36816,000000000000000000;36816,000000000000000000;36816,000000000000000000
403;36816,000000000000000000;36816,000000000000000000;36816,000000000000000000
404;36816,000000000000000000;36816,000000000000000000;36816,000000000000000000
405;36816,000000000000000000;36816,000000000000000000;36816,000000000000000000
406;36816,000000000000000000;36816,000000000000000000;36816,000000000000000000
407;36816,000000000000000000;36816,000000000000000000;36816,000000000000000000
408;36816,000000000000000000;36816,000000000000000000;36816,000000000000000000
409;36816,000000000000000000;36816,000000000000000000;36816,000000000000000000
410;36816,000000000000000000;36816,000000000000000000;36816,000000000000000000
411;36816,000000000000000000;36816,000000000000000000;36816,000000000000000000
412;36816,000000000000000000;36816,000000000000000000;36816,000000000000000000
413;36816,000000000000000000;36816,000000000000000000;36816,000000000000000000
414;36816,000000000000000000;36816,000000000000000000;36816,000000000000000000
415;36816,000000000000000000;36816,000000000000000000;36816,000000000000000000
416;36816,000000000000000000;36816,000000000000000000;36816,000000000000000000
417;36816,000000000000000000;36816,000000000000000000;36816,000000000000000000
418;36816,000000000000000000;36816,000000000000000000;36816,000000000000000000
419;36816,000000000000000000;36816,000000000000000000;36816,000000000000000000
420;36816,000000000000000000;36816,000000000000000000;36816,000000000000000000
421;36816,000000000000000000;36816,000000000000000000;36816,000000000000000000
422;36816,000000000000000000;36816,000000000000000000;36816,000000000000000000
423;36816,000000000000000000;36816,000000000000000000;36816,000000000000000000
424;36816,000000000000000000;36816,000000000000000000;36816,000000000000000000
425;36816,000000000000000000;36816,000000000000000000;36816,000000000000000000
426;36816,000000000000000000;36816,000000000000000000;36816,000000000000000000
427;36816,000000000000000000;36816,000000000000000000;36816,000000000000000000
428;36816,000000000000000000;36816,000000000000000000;36816,000000000000000000
429;36816,000000000000000000;36816,000000000000000000;36816,000000000000000000
430;36816,000000000000000000;36816,000000000000000000;36816,000000000000000000
431;36816,000000000000000000;36816,000000000000000000;36816,000000000000000000
432;36816,000000000000000000;36816,000000000000000000;36816,000000000000000000
433;36816,000000000000000000;36816,000000000000000000;36816,000000000000000000
434;36816,000000000000000000;36816,000000000000000000;36816,000000000000000000
435;36816,000000000000000000;36816,000000000000000000;36816,000000000000000000
436;36816,000000000000000000;36816,000000000000000000;36816,000000000000000000
437;36816,000000000000000000;36816,000000000000000000;36816,000000000000000000
438;36816,000000000000000000;36816,000000000000000000;36816,000000000000000000
439;36816,000000000000000000;36816,000000000000000000;36816,000000000000000000
440;36816,000000000000000000;36816,000000000000000000;36816,000000000000000000
441;36816,000000000000000000;36816,000000000000000000;36816,000000000000000000
442;36816,000000000000000000;36816,000000000000000000;36816,000000000000000000
443;36816,000000000000000000;36816,000000000000000000;36816,000000000000000000
444;36816,000000000000000000;36816,000000000000000000;36816,000000000000000000
445;36816,000000000000000000;36816,000000000000000000;36816,000000000000000000
446;36816,000000000000000000;36816,000000000000000000;36816,000000000000000000
447;36816,000000000000000000;36816,000000000000000000;36816,000000000000000000
448;36816,000000000000000000;36816,000000000000000000;36816,000000000000000000
449;36816,000000000000000000;36816,000000000000000000;36816,000000000000000000
450;36816,000000000000000000;36816,000000000000000000;36816,000000000000000000
451;36816,000000000000000000;36816,000000000000000000;36816,000000000000000000
452;36816,000000000000000000;36816,000000000000000000;36816,000000000000000000
453;36816,000000000000000000;36816,000000000000000000;36816,000000000000000000
454;36816,000000000000000000;36816,000000000000000000;36816,000000000000000000
455;36816,000000000000000000;36816,000000000000000000;36816,000000000000000000
456;36816,000000000000000000;36816,000000000000000000;36816,000000000000000000
457;36816,000000000000000000;36816,000000000000000000;36816,000000000000000000
458;36816,000000000000000000;36816,000000000000000000;36816,000000000000000000
459;36816,000000000000000000;36816,000000000000000000;36816,000000000000000000
460;36816,000000000000000000;36816,000000000000000000;36816,000000000000000000
461;36816,000000000000000000;36816,000000000000000000;36816,000000000000000000
462;36816,000000000000000000;36816,000000000000000000;36816,000000000000000000
463;36816,000000000000000000;36816,000000000000000000;36816,000000000000000000
464;36816,000000000000000000;36816,000000000000000000;36816,000000000000000000
465;36816,000000000000000000;36816,000000000000000000;36816,000000000000000000
466;36816,000000000000000000;36816,000000000000000000;36816,000000000000000000
467;36816,000000000000000000;36816,000000000000000000;36816,000000000000000000
468;36816,000000000000000000;36816,000000000000000000;36816,000000000000000000
469;36816,000000000000000000;36816,000000000000000000;36816,000000000000000000
470;36816,000000000000000000;36816,000000000000000000;36816,000000000000000000
471;36816,000000000000000000;36816,000000000000000000;36816,000000000000000000
472;36816,000000000000000000;36816,000000000000000000;36816,000000000000000000
473;36816,000000000000000000;36816,000000000000000000;36816,000000000000000000
474;36816,000000000000000000;36816,000000000000000000;36816,000000000000000000
475;36816,000000000000000000;36816,000000000000000000;36816,000000000000000000
476;36816,000000000000000000;36816,000000000000000000;36816,000000000000000000
477;36816,000000000000000000;36816,000000000000000000;36816,000000000000000000
478;36816,000000000000000000;36816,000000000000000000;36816,000000000000000000
479;36816,000000000000000000;36816,000000000000000000;36816,000000000000000000
480;36816,000000000000000000;36816,000000000000000000;36816,000000000000000000
481;36816,000000000000000000;36816,000000000000000000;36816,000000000000000000
482;36816,000000000000000000;36816,000000000000000000;36816,000000000000000000
483;36816,000000000000000000;36816,000000000000000000;36816,000000000000000000
484;36816,000000000000000000;36816,000000000000000000;36816,000000000000000000
485;36816,000000000000000000;36816,000000000000000000;36816,000000000000000000
486;36816,000000000000000000;36816,000000000000000000;36816,000000000000000000
487;36816,000000000000000000;36816,000000000000000000;36816,000000000000000000
488;36816,000000000000000000;36816,000000000000000000;36816,000000000000000000
489;36816,000000000000000000;36816,000000000000000000;36816,000000000000000000
490;36816,000000000000000000;36816,000000000000000000;36816,000000000000000000
491;36816,000000000000000000;36816,000000000000000000;36816,000000000000000000
492;36816,000000000000000000;36816,000000000000000000;36816,000000000000000000
493;36816,000000000000000000;36816,000000000000000000;36816,000000000000000000
494;36816,000000000000000000;36816,000000000000000000;36816,000000000000000000
495;36816,000000000000000000;36816,000000000000000000;36816,000000000000000000
496;36816,000000000000000000;36816,000000000000000000;36816,000000000000000000
497;36816,000000000000000000;36816,000000000000000000;36816,000000000000000000
498;36816,000000000000000000;36816,000000000000000000;36816,000000000000000000
499;36816,000000000000000000;36816,000000000000000000;36816,000000000000000000
500;36816,000000000000000000;36816,000000000000000000;36816,000000000000000000
501;36816,000000000000000000;36816,000000000000000000;36816,000000000000000000
502;36816,000000000000000000;36816,000000000000000000;36816,000000000000000000
503;36816,000000000000000000;36816,000000000000000000;36816,000000000000000000
504;36816,000000000000000000;36816,000000000000000000;36816,000000000000000000
505;36816,000000000000000000;36816,000000000000000000;36816,000000000000000000
506;36816,000000000000000000;36816,000000000000000000;36816,000000000000000000
507;36816,000000000000000000;36816,000000000000000000;36816,000000000000000000
508;36816,000000000000000000;36816,000000000000000000;36816,000000000000000000
509;36816,000000000000000000;36816,000000000000000000;36816,000000000000000000
510;36816,000000000000000000;36816,000000000000000000;36816,000000000000000000
511;36816,000000000000000000;36816,000000000000000000;36816,000000000000000000
512;36816,000000000000000000;36816,000000000000000000;36816,000000000000000000
513;36816,000000000000000000;36816,000000000000000000;36816,000000000000000000
514;36816,000000000000000000;36816,000000000000000000;36816,000000000000000000
515;36816,000000000000000000;36816,000000000000000000;36816,000000000000000000
516;36816,000000000000000000;36816,000000000000000000;36816,000000000000000000
517;36816,000000000000000000;36816,000000000000000000;36816,000000000000000000
518;36816,000000000000000000;36816,000000000000000000;36816,000000000000000000
519;36816,000000000000000000;36816,000000000000000000;36816,000000000000000000
520;36816,000000000000000000;36816,000000000000000000;36816,000000000000000000
521;36816,000000000000000000;36816,000000000000000000;36816,000000000000000000
522;36816,000000000000000000;36816,000000000000000000;36816,000000000000000000
523;36816,000000000000000000;36816,000000000000000000;36816,000000000000000000
524;36816,000000000000000000;36816,000000000000000000;36816,000000000000000000
525;36816,000000000000000000;36816,000000000000000000;36816,000000000000000000
526;36816,000000000000000000;36816,000000000000000000;36816,000000000000000000
527;36816,000000000000000000;36816,000000000000000000;36816,000000000000000000
528;36816,000000000000000000;36816,000000000000000000;36816,000000000000000000
529;36816,000000000000000000;36816,000000000000000000;36816,000000000000000000
530;36816,000000000000000000;36816,000000000000000000;36816,000000000000000000
531;36816,000000000000000000;36816,000000000000000000;36816,000000000000000000
532;36816,000000000000000000;36816,000000000000000000;36816,000000000000000000
533;36816,000000000000000000;36816,000000000000000000;36816,000000000000000000
534;36816,000000000000000000;36816,000000000000000000;36816,000000000000000000
535;36816,000000000000000000;36816,000000000000000000;36816,000000000000000000
536;36816,000000000000000000;36816,000000000000000000;36816,000000000000000000
537;36816,000000000000000000;36816,000000000000000000;36816,000000000000000000
538;36816,000000000000000000;36816,000000000000000000;36816,000000000000000000
539;36816,000000000000000000;36816,000000000000000000;36816,000000000000000000
540;36816,000000000000000000;36816,000000000000000000;36816,000000000000000000
541;36816,000000000000000000;36816,000000000000000000;36816,000000000000000000
542;36816,000000000000000000;36816,000000000000000000;36816,000000000000000000
543;36816,000000000000000000;36816,000000000000000000;36816,000000000000000000
544;36816,000000000000000000;36816,000000000000000000;36816,000000000000000000
545;36816,000000000000000000;36816,000000000000000000;36816,000000000000000000
546;36816,000000000000000000;36816,000000000000000000;36816,000000000000000000
547;36816,000000000000000000;36816,000000000000000000;36816,000000000000000000
548;36816,000000000000000000;36816,000000000000000000;36816,000000000000000000
549;36816,000000000000000000;36816,000000000000000000;36816,000000000000000000
550;36816,000000000000000000;36816,000000000000000000;36816,000000000000000000
551;36816,000000000000000000;36816,000000000000000000;36816,000000000000000000
552;36816,000000000000000000;36816,000000000000000000;36816,000000000000000000
553;36816,000000000000000000;36816,000000000000000000;36816,000000000000000000
554;36816,000000000000000000;36816,000000000000000000;36816,000000000000000000
555;36816,000000000000000000;36816,000000000000000000;36816,000000000000000000
556;36816,000000000000000000;36816,000000000000000000;36816,000000000000000000
557;36816,000000000000000000;36816,000000000000000000;36816,000000000000000000
558;36816,000000000000000000;36816,000000000000000000;36816,000000000000000000
559;36816,000000000000000000;36816,000000000000000000;36816,000000000000000000
560;36816,000000000000000000;36816,000000000000000000;36816,000000000000000000
561;36816,000000000000000000;36816,000000000000000000;36816,000000000000000000
562;36816,000000000000000000;36816,000000000000000000;36816,000000000000000000
563;36816,000000000000000000;36816,000000000000000000;36816,000000000000000000
564;36816,000000000000000000;36816,000000000000000000;36816,000000000000000000
565;36816,000000000000000000;36816,000000000000000000;36816,000000000000000000
566;36816,000000000000000000;36816,000000000000000000;36816,000000000000000000
567;36816,000000000000000000;36816,000000000000000000;36816,000000000000000000
568;36816,000000000000000000;36816,000000000000000000;36816,000000000000000000
569;36816,000000000000000000;36816,000000000000000000;36816,000000000000000000
570;36816,000000000000000000;36816,000000000000000000;36816,000000000000000000
571;36816,000000000000000000;36816,000000000000000000;36816,000000000000000000
572;36816,000000000000000000;36816,000000000000000000;36816,000000000000000000
573;36816,000000000000000000;36816,000000000000000000;36816,000000000000000000
574;36816,000000000000000000;36816,000000000000000000;36816,000000000000000000
575;36816,000000000000000000;36816,000000000000000000;36816,000000000000000000
576;36816,000000000000000000;36816,000000000000000000;36816,000000000000000000
577;36816,000000000000000000;36816,000000000000000000;36816,000000000000000000
578;36816,000000000000000000;36816,000000000000000000;36816,000000000000000000
579;36816,000000000000000000;36816,000000000000000000;36816,000000000000000000
580;36816,000000000000000000;36816,000000000000000000;36816,000000000000000000
581;36816,000000000000000000;36816,000000000000000000;36816,000000000000000000
582;36816,000000000000000000;36816,000000000000000000;36816,000000000000000000
583;36816,000000000000000000;36816,000000000000000000;36816,000000000000000000
584;36816,000000000000000000;36816,000000000000000000;36816,000000000000000000
585;36816,000000000000000000;36816,000000000000000000;36816,000000000000000000
586;36816,000000000000000000;36816,000000000000000000;36816,000000000000000000
587;36816,000000000000000000;36816,000000000000000000;36816,000000000000000000
588;36816,000000000000000000;36816,000000000000000000;36816,000000000000000000
589;36816,000000000000000000;36816,000000000000000000;36816,000000000000000000
590;36816,000000000000000000;36816,000000000000000000;36816,000000000000000000
591;36816,000000000000000000;36816,000000000000000000;36816,000000000000000000
592;36816,000000000000000000;36816,000000000000000000;36816,000000000000000000
593;36816,000000000000000000;36816,000000000000000000;36816,000000000000000000
594;36816,000000000000000000;36816,000000000000000000;36816,000000000000000000
595;36816,000000000000000000;36816,000000000000000000;36816,000000000000000000
596;36816,000000000000000000;36816,000000000000000000;36816,000000000000000000
597;36816,000000000000000000;36816,000000000000000000;36816,000000000000000000
598;36816,000000000000000000;36816,000000000000000000;36816,000000000000000000
599;36816,000000000000000000;36816,000000000000000000;36816,000000000000000000
600;36816,000000000000000000;36816,000000000000000000;36816,000000000000000000
601;36816,000000000000000000;36816,000000000000000000;36816,000000000000000000
602;36816,000000000000000000;36816,000000000000000000;36816,000000000000000000
603;36816,000000000000000000;36816,000000000000000000;36816,000000000000000000
604;36816,000000000000000000;36816,000000000000000000;36816,000000000000000000
605;36816,000000000000000000;36816,000000000000000000;36816,000000000000000000
606;36816,000000000000000000;36816,000000000000000000;36816,000000000000000000
607;36816,000000000000000000;36816,000000000000000000;36816,000000000000000000
608;36816,000000000000000000;36816,000000000000000000;36816,000000000000000000
609;36816,000000000000000000;36816,000000000000000000;36816,000000000000000000
610;36816,000000000000000000;36816,000000000000000000;36816,000000000000000000
611;36816,000000000000000000;36816,000000000000000000;36816,000000000000000000
612;36816,000000000000000000;36816,000000000000000000;36816,000000000000000000
613;36816,000000000000000000;36816,000000000000000000;36816,000000000000000000
614;36816,000000000000000000;36816,000000000000000000;36816,000000000000000000
615;36816,000000000000000000;36816,000000000000000000;36816,000000000000000000
616;36816,000000000000000000;36816,000000000000000000;36816,000000000000000000
617;36816,000000000000000000;36816,000000000000000000;36816,000000000000000000
618;36816,000000000000000000;36816,000000000000000000;36816,000000000000000000
619;36816,000000000000000000;36816,000000000000000000;36816,000000000000000000
620;36816,000000000000000000;36816,000000000000000000;36816,000000000000000000
621;36816,000000000000000000;36816,000000000000000000;36816,000000000000000000
622;36816,000000000000000000;36816,000000000000000000;36816,000000000000000000
623;36816,000000000000000000;36816,000000000000000000;36816,000000000000000000
624;36816,000000000000000000;36816,000000000000000000;36816,000000000000000000
625;36816,000000000000000000;36816,000000000000000000;36816,000000000000000000
626;36816,000000000000000000;36816,000000000000000000;36816,000000000000000000
627;36816,000000000000000000;36816,000000000000000000;36816,000000000000000000
628;36816,000000000000000000;36816,000000000000000000;36816,000000000000000000
629;36816,000000000000000000;36816,000000000000000000;36816,000000000000000000
630;36816,000000000000000000;36816,000000000000000000;36816,000000000000000000
631;36816,000000000000000000;36816,000000000000000000;36816,000000000000000000
632;36816,000000000000000000;36816,000000000000000000;36816,000000000000000000
633;36816,000000000000000000;36816,000000000000000000;36816,000000000000000000
634;36816,000000000000000000;36816,000000000000000000;36816,000000000000000000
635;36816,000000000000000000;36816,000000000000000000;36816,000000000000000000
636;36816,000000000000000000;36816,000000000000000000;36816,000000000000000000
637;36816,000000000000000000;36816,000000000000000000;36816,000000000000000000
638;36816,000000000000000000;36816,000000000000000000;36816,000000000000000000
639;36816,000000000000000000;36816,000000000000000000;36816,000000000000000000
640;36816,000000000000000000;36816,000000000000000000;36816,000000000000000000
641;36816,000000000000000000;36816,000000000000000000;36816,000000000000000000
642;36816,000000000000000000;36816,000000000000000000;36816,000000000000000000
643;36816,000000000000000000;36816,000000000000000000;36816,000000000000000000
644;36816,000000000000000000;36816,000000000000000000;36816,000000000000000000
645;36816,000000000000000000;36816,000000000000000000;36816,000000000000000000
646;36816,000000000000000000;36816,000000000000000000;36816,000000000000000000
647;36816,000000000000000000;36816,000000000000000000;36816,000000000000000000
648;36816,000000000000000000;36816,000000000000000000;36816,000000000000000000
649;36816,000000000000000000;36816,000000000000000000;36816,000000000000000000
650;36816,000000000000000000;36816,000000000000000000;36816,000000000000000000
651;36816,000000000000000000;36816,000000000000000000;36816,000000000000000000
652;36816,000000000000000000;36816,000000000000000000;36816,000000000000000000
653;36816,000000000000000000;36816,000000000000000000;36816,000000000000000000
654;36816,000000000000000000;36816,000000000000000000;36816,000000000000000000
655;36816,000000000000000000;36816,000000000000000000;36816,000000000000000000
656;36816,000000000000000000;36816,000000000000000000;36816,000000000000000000
657;36816,000000000000000000;36816,000000000000000000;36816,000000000000000000
658;36816,000000000000000000;36816,000000000000000000;36816,000000000000000000
659;36816,000000000000000000;36816,000000000000000000;36816,000000000000000000
660;36816,000000000000000000;36816,000000000000000000;36816,000000000000000000
661;36816,000000000000000000;36816,000000000000000000;36816,000000000000000000
662;36816,000000000000000000;36816,000000000000000000;36816,000000000000000000
663;36816,000000000000000000;36816,000000000000000000;36816,000000000000000000
664;36816,000000000000000000;36816,000000000000000000;36816,000000000000000000
665;36816,000000000000000000;36816,000000000000000000;36816,000000000000000000
666;36816,000000000000000000;36816,000000000000000000;36816,000000000000000000
667;36816,000000000000000000;36816,000000000000000000;36816,000000000000000000
668;36816,000000000000000000;36816,000000000000000000;36816,000000000000000000
669;36816,000000000000000000;36816,000000000000000000;36816,000000000000000000
670;36816,000000000000000000;36816,000000000000000000;36816,000000000000000000
671;36816,000000000000000000;36816,000000000000000000;36816,000000000000000000
672;36816,000000000000000000;36816,000000000000000000;36816,000000000000000000
673;36816,000000000000000000;36816,000000000000000000;36816,000000000000000000
674;36816,000000000000000000;36816,000000000000000000;36816,000000000000000000
675;36816,000000000000000000;36816,000000000000000000;36816,000000000000000000
676;36816,000000000000000000;36816,000000000000000000;36816,000000000000000000
677;36816,000000000000000000;36816,000000000000000000;36816,000000000000000000
678;36816,000000000000000000;36816,000000000000000000;36816,000000000000000000
679;36816,000000000000000000;36816,000000000000000000;36816,000000000000000000
680;36816,000000000000000000;36816,000000000000000000;36816,000000000000000000
681;36816,000000000000000000;36816,000000000000000000;36816,000000000000000000
682;36816,000000000000000000;36816,000000000000000000;36816,000000000000000000
683;36816,000000000000000000;36816,000000000000000000;36816,000000000000000000
684;36816,000000000000000000;36816,000000000000000000;36816,000000000000000000
685;36816,000000000000000000;36816,000000000000000000;36816,000000000000000000
686;36816,000000000000000000;36816,000000000000000000;36816,000000000000000000
687;36816,000000000000000000;36816,000000000000000000;36816,000000000000000000
688;36816,000000000000000000;36816,000000000000000000;36816,000000000000000000
689;36816,000000000000000000;36816,000000000000000000;36816,000000000000000000
690;36816,000000000000000000;36816,000000000000000000;36816,000000000000000000
691;36816,000000000000000000;36816,000000000000000000;36816,000000000000000000
692;36816,000000000000000000;36816,000000000000000000;36816,000000000000000000
693;36816,000000000000000000;36816,000000000000000000;36816,000000000000000000
694;36816,000000000000000000;36816,000000000000000000;36816,000000000000000000
695;36816,000000000000000000;36816,000000000000000000;36816,000000000000000000
696;36816,000000000000000000;36816,000000000000000000;36816,000000000000000000
697;36816,000000000000000000;36816,000000000000000000;36816,000000000000000000
698;36816,000000000000000000;36816,000000000000000000;36816,000000000000000000
699;36816,000000000000000000;36816,000000000000000000;36816,000000000000000000
700;36816,000000000000000000;36816,000000000000000000;36816,000000000000000000
701;36816,000000000000000000;36816,000000000000000000;36816,000000000000000000
702;36816,000000000000000000;36816,000000000000000000;36816,000000000000000000
703;36816,000000000000000000;36816,000000000000000000;36816,000000000000000000
704;36816,000000000000000000;36816,000000000000000000;36816,000000000000000000
705;36816,000000000000000000;36816,000000000000000000;36816,000000000000000000
706;36816,000000000000000000;36816,000000000000000000;36816,000000000000000000
707;36816,000000000000000000;36816,000000000000000000;36816,000000000000000000
708;36816,000000000000000000;36816,000000000000000000;36816,000000000000000000
709;36816,000000000000000000;36816,000000000000000000;36816,000000000000000000
710;36816,000000000000000000;36816,000000000000000000;36816,000000000000000000
711;36816,000000000000000000;36816,000000000000000000;36816,000000000000000000
712;36816,000000000000000000;36816,000000000000000000;36816,000000000000000000
713;36816,000000000000000000;36816,000000000000000000;36816,000000000000000000
714;36816,000000000000000000;36816,000000000000000000;36816,000000000000000000
715;36816,000000000000000000;36816,000000000000000000;36816,000000000000000000
716;36816,000000000000000000;36816,000000000000000000;36816,000000000000000000
717;36816,000000000000000000;36816,000000000000000000;36816,000000000000000000
718;36816,000000000000000000;36816,000000000000000000;36816,000000000000000000
719;36816,000000000000000000;36816,000000000000000000;36816,000000000000000000
720;36816,000000000000000000;36816,000000000000000000;36816,000000000000000000
721;36816,000000000000000000;36816,000000000000000000;36816,000000000000000000
722;36816,000000000000000000;36816,000000000000000000;36816,000000000000000000
723;36816,000000000000000000;36816,000000000000000000;36816,000000000000000000
724;36816,000000000000000000;36816,000000000000000000;36816,000000000000000000
725;36816,000000000000000000;36816,000000000000000000;36816,000000000000000000
726;36816,000000000000000000;36816,000000000000000000;36816,000000000000000000
727;36816,000000000000000000;36816,000000000000000000;36816,000000000000000000
728;36816,000000000000000000;36816,000000000000000000;36816,000000000000000000
729;36816,000000000000000000;36816,000000000000000000;36816,000000000000000000
730;36816,000000000000000000;36816,000000000000000000;36816,000000000000000000
731;36816,000000000000000000;36816,000000000000000000;36816,000000000000000000
732;36816,000000000000000000;36816,000000000000000000;36816,000000000000000000
733;36816,000000000000000000;36816,000000000000000000;36816,000000000000000000
734;36816,000000000000000000;36816,000000000000000000;36816,000000000000000000
735;36816,000000000000000000;36816,000000000000000000;36816,000000000000000000
736;36816,000000000000000000;36816,000000000000000000;36816,000000000000000000
737;36816,000000000000000000;36816,000000000000000000;36816,000000000000000000
738;36816,000000000000000000;36816,000000000000000000;36816,000000000000000000
739;36816,000000000000000000;36816,000000000000000000;36816,000000000000000000
740;36816,000000000000000000;36816,000000000000000000;36816,000000000000000000
741;36816,000000000000000000;36816,000000000000000000;36816,000000000000000000
742;36816,000000000000000000;36816,000000000000000000;36816,000000000000000000
743;36816,000000000000000000;36816,000000000000000000;36816,000000000000000000
744;36816,000000000000000000;36816,000000000000000000;36816,000000000000000000
745;36816,000000000000000000;36816,000000000000000000;36816,000000000000000000
746;36816,000000000000000000;36816,000000000000000000;36816,000000000000000000
747;36816,000000000000000000;36816,000000000000000000;36816,000000000000000000
748;36816,000000000000000000;36816,000000000000000000;36816,000000000000000000
749;36816,000000000000000000;36816,000000000000000000;36816,000000000000000000
