0;4589,000000000000000000;2691,000000000000000000;3518,000000000000000000
1;4589,000000000000000000;3518,000000000000000000;3823,000000000000000000
2;4589,000000000000000000;3750,000000000000000000;3994,000000000000000000
3;4589,000000000000000000;3863,000000000000000000;4151,000000000000000000
4;4589,000000000000000000;3922,000000000000000000;4302,000000000000000000
5;4589,000000000000000000;4004,000000000000000000;4405,000000000000000000
6;4589,000000000000000000;4044,000000000000000000;4455,000000000000000000
7;4589,000000000000000000;4208,000000000000000000;4500,000000000000000000
8;4589,000000000000000000;4208,000000000000000000;4514,000000000000000000
9;4589,000000000000000000;4239,000000000000000000;4519,000000000000000000
10;4589,000000000000000000;4239,000000000000000000;4519,000000000000000000
11;4589,000000000000000000;4239,000000000000000000;4519,000000000000000000
12;4589,000000000000000000;4239,000000000000000000;4519,000000000000000000
13;4589,000000000000000000;4239,000000000000000000;4519,000000000000000000
14;4589,000000000000000000;4239,000000000000000000;4519,000000000000000000
15;4589,000000000000000000;4239,000000000000000000;4519,000000000000000000
16;4589,000000000000000000;4239,000000000000000000;4519,000000000000000000
17;4589,000000000000000000;4239,000000000000000000;4519,000000000000000000
18;4589,000000000000000000;4239,000000000000000000;4519,000000000000000000
19;4589,000000000000000000;4239,000000000000000000;4519,000000000000000000
20;4589,000000000000000000;4239,000000000000000000;4519,000000000000000000
21;4589,000000000000000000;4239,000000000000000000;4519,000000000000000000
22;4589,000000000000000000;4239,000000000000000000;4519,000000000000000000
23;4589,000000000000000000;4239,000000000000000000;4519,000000000000000000
24;4589,000000000000000000;4239,000000000000000000;4519,000000000000000000
25;4589,000000000000000000;4239,000000000000000000;4519,000000000000000000
26;4589,000000000000000000;4239,000000000000000000;4519,000000000000000000
27;4589,000000000000000000;4239,000000000000000000;4519,000000000000000000
28;4589,000000000000000000;4239,000000000000000000;4519,000000000000000000
29;4589,000000000000000000;4239,000000000000000000;4519,000000000000000000
30;4589,000000000000000000;4239,000000000000000000;4519,000000000000000000
31;4589,000000000000000000;4239,000000000000000000;4519,000000000000000000
32;4589,000000000000000000;4239,000000000000000000;4519,000000000000000000
33;4589,000000000000000000;4239,000000000000000000;4519,000000000000000000
34;4589,000000000000000000;4239,000000000000000000;4519,000000000000000000
35;4589,000000000000000000;4239,000000000000000000;4519,000000000000000000
36;4589,000000000000000000;4239,000000000000000000;4519,000000000000000000
37;4589,000000000000000000;4239,000000000000000000;4521,000000000000000000
38;4589,000000000000000000;4239,000000000000000000;4523,000000000000000000
39;4589,000000000000000000;4239,000000000000000000;4527,000000000000000000
40;4589,000000000000000000;4239,000000000000000000;4546,000000000000000000
41;4589,000000000000000000;4589,000000000000000000;4589,000000000000000000
42;4589,000000000000000000;4589,000000000000000000;4589,000000000000000000
43;4589,000000000000000000;4589,000000000000000000;4589,000000000000000000
44;4589,000000000000000000;4589,000000000000000000;4589,000000000000000000
45;4589,000000000000000000;4589,000000000000000000;4589,000000000000000000
46;4589,000000000000000000;4589,000000000000000000;4589,000000000000000000
47;4589,000000000000000000;4589,000000000000000000;4589,000000000000000000
48;4589,000000000000000000;4589,000000000000000000;4589,000000000000000000
49;4589,000000000000000000;4589,000000000000000000;4589,000000000000000000
50;4589,000000000000000000;4589,000000000000000000;4589,000000000000000000
51;4589,000000000000000000;4589,000000000000000000;4589,000000000000000000
52;4589,000000000000000000;4589,000000000000000000;4589,000000000000000000
53;4589,000000000000000000;4589,000000000000000000;4589,000000000000000000
54;4589,000000000000000000;4589,000000000000000000;4589,000000000000000000
55;4589,000000000000000000;4589,000000000000000000;4589,000000000000000000
56;4589,000000000000000000;4589,000000000000000000;4589,000000000000000000
57;4589,000000000000000000;4589,000000000000000000;4589,000000000000000000
58;4589,000000000000000000;4589,000000000000000000;4589,000000000000000000
59;4589,000000000000000000;4589,000000000000000000;4589,000000000000000000
60;4589,000000000000000000;4589,000000000000000000;4589,000000000000000000
61;4589,000000000000000000;4589,000000000000000000;4589,000000000000000000
62;4589,000000000000000000;4589,000000000000000000;4589,000000000000000000
63;4589,000000000000000000;4589,000000000000000000;4589,000000000000000000
64;4589,000000000000000000;4589,000000000000000000;4589,000000000000000000
65;4589,000000000000000000;4589,000000000000000000;4589,000000000000000000
66;4589,000000000000000000;4589,000000000000000000;4589,000000000000000000
67;4589,000000000000000000;4589,000000000000000000;4589,000000000000000000
68;4589,000000000000000000;4589,000000000000000000;4589,000000000000000000
69;4589,000000000000000000;4589,000000000000000000;4589,000000000000000000
70;4589,000000000000000000;4589,000000000000000000;4589,000000000000000000
71;4589,000000000000000000;4589,000000000000000000;4589,000000000000000000
72;4589,000000000000000000;4589,000000000000000000;4589,000000000000000000
73;4589,000000000000000000;4589,000000000000000000;4589,000000000000000000
74;4589,000000000000000000;4589,000000000000000000;4589,000000000000000000
75;4594,000000000000000000;4589,000000000000000000;4589,000000000000000000
76;4625,000000000000000000;4589,000000000000000000;4589,000000000000000000
77;4625,000000000000000000;4589,000000000000000000;4590,000000000000000000
78;4625,000000000000000000;4589,000000000000000000;4593,000000000000000000
79;4625,000000000000000000;4589,000000000000000000;4596,000000000000000000
80;4625,000000000000000000;4589,000000000000000000;4596,000000000000000000
81;4625,000000000000000000;4589,000000000000000000;4596,000000000000000000
82;4625,000000000000000000;4589,000000000000000000;4596,000000000000000000
83;4625,000000000000000000;4589,000000000000000000;4596,000000000000000000
84;4625,000000000000000000;4589,000000000000000000;4596,000000000000000000
85;4625,000000000000000000;4589,000000000000000000;4596,000000000000000000
86;4625,000000000000000000;4589,000000000000000000;4596,000000000000000000
87;4625,000000000000000000;4589,000000000000000000;4596,000000000000000000
88;4625,000000000000000000;4589,000000000000000000;4596,000000000000000000
89;4625,000000000000000000;4589,000000000000000000;4596,000000000000000000
90;4625,000000000000000000;4589,000000000000000000;4596,000000000000000000
91;4625,000000000000000000;4589,000000000000000000;4596,000000000000000000
92;4625,000000000000000000;4589,000000000000000000;4596,000000000000000000
93;4625,000000000000000000;4589,000000000000000000;4596,000000000000000000
94;4625,000000000000000000;4589,000000000000000000;4596,000000000000000000
95;4625,000000000000000000;4589,000000000000000000;4596,000000000000000000
96;4625,000000000000000000;4589,000000000000000000;4596,000000000000000000
97;4625,000000000000000000;4589,000000000000000000;4596,000000000000000000
98;4625,000000000000000000;4589,000000000000000000;4596,000000000000000000
99;4625,000000000000000000;4589,000000000000000000;4596,000000000000000000
100;4625,000000000000000000;4589,000000000000000000;4596,000000000000000000
101;4625,000000000000000000;4589,000000000000000000;4596,000000000000000000
102;4625,000000000000000000;4589,000000000000000000;4596,000000000000000000
103;4625,000000000000000000;4589,000000000000000000;4596,000000000000000000
104;4625,000000000000000000;4589,000000000000000000;4596,000000000000000000
105;4625,000000000000000000;4589,000000000000000000;4596,000000000000000000
106;4625,000000000000000000;4589,000000000000000000;4596,000000000000000000
107;4625,000000000000000000;4589,000000000000000000;4596,000000000000000000
108;4625,000000000000000000;4589,000000000000000000;4596,000000000000000000
109;4625,000000000000000000;4589,000000000000000000;4596,000000000000000000
110;4625,000000000000000000;4589,000000000000000000;4596,000000000000000000
111;4625,000000000000000000;4589,000000000000000000;4596,000000000000000000
112;4625,000000000000000000;4589,000000000000000000;4597,000000000000000000
113;4625,000000000000000000;4589,000000000000000000;4599,000000000000000000
114;4625,000000000000000000;4589,000000000000000000;4603,000000000000000000
115;4625,000000000000000000;4589,000000000000000000;4607,000000000000000000
116;4625,000000000000000000;4589,000000000000000000;4612,000000000000000000
117;4625,000000000000000000;4589,000000000000000000;4616,000000000000000000
118;4625,000000000000000000;4589,000000000000000000;4622,000000000000000000
119;4625,000000000000000000;4625,000000000000000000;4625,000000000000000000
120;4625,000000000000000000;4625,000000000000000000;4625,000000000000000000
121;4625,000000000000000000;4625,000000000000000000;4625,000000000000000000
122;4625,000000000000000000;4625,000000000000000000;4625,000000000000000000
123;4625,000000000000000000;4625,000000000000000000;4625,000000000000000000
124;4625,000000000000000000;4625,000000000000000000;4625,000000000000000000
125;4625,000000000000000000;4625,000000000000000000;4625,000000000000000000
126;4625,000000000000000000;4625,000000000000000000;4625,000000000000000000
127;4625,000000000000000000;4625,000000000000000000;4625,000000000000000000
128;4625,000000000000000000;4625,000000000000000000;4625,000000000000000000
129;4625,000000000000000000;4625,000000000000000000;4625,000000000000000000
130;4625,000000000000000000;4625,000000000000000000;4625,000000000000000000
131;4625,000000000000000000;4625,000000000000000000;4625,000000000000000000
132;4625,000000000000000000;4625,000000000000000000;4625,000000000000000000
133;4625,000000000000000000;4625,000000000000000000;4625,000000000000000000
134;4625,000000000000000000;4625,000000000000000000;4625,000000000000000000
135;4625,000000000000000000;4625,000000000000000000;4625,000000000000000000
136;4625,000000000000000000;4625,000000000000000000;4625,000000000000000000
137;4625,000000000000000000;4625,000000000000000000;4625,000000000000000000
138;4625,000000000000000000;4625,000000000000000000;4625,000000000000000000
139;4625,000000000000000000;4625,000000000000000000;4625,000000000000000000
140;4625,000000000000000000;4625,000000000000000000;4625,000000000000000000
141;4625,000000000000000000;4625,000000000000000000;4625,000000000000000000
142;4625,000000000000000000;4625,000000000000000000;4625,000000000000000000
143;4625,000000000000000000;4625,000000000000000000;4625,000000000000000000
144;4625,000000000000000000;4625,000000000000000000;4625,000000000000000000
145;4625,000000000000000000;4625,000000000000000000;4625,000000000000000000
146;4625,000000000000000000;4625,000000000000000000;4625,000000000000000000
147;4625,000000000000000000;4625,000000000000000000;4625,000000000000000000
148;4625,000000000000000000;4625,000000000000000000;4625,000000000000000000
149;4625,000000000000000000;4625,000000000000000000;4625,000000000000000000
150;4625,000000000000000000;4625,000000000000000000;4625,000000000000000000
151;4625,000000000000000000;4625,000000000000000000;4625,000000000000000000
152;4625,000000000000000000;4625,000000000000000000;4625,000000000000000000
153;4625,000000000000000000;4625,000000000000000000;4625,000000000000000000
154;4625,000000000000000000;4625,000000000000000000;4625,000000000000000000
155;4625,000000000000000000;4625,000000000000000000;4625,000000000000000000
156;4625,000000000000000000;4625,000000000000000000;4625,000000000000000000
157;4625,000000000000000000;4625,000000000000000000;4625,000000000000000000
158;4625,000000000000000000;4625,000000000000000000;4625,000000000000000000
159;4625,000000000000000000;4625,000000000000000000;4625,000000000000000000
160;4625,000000000000000000;4625,000000000000000000;4625,000000000000000000
161;4625,000000000000000000;4625,000000000000000000;4625,000000000000000000
162;4625,000000000000000000;4625,000000000000000000;4625,000000000000000000
163;4625,000000000000000000;4625,000000000000000000;4625,000000000000000000
164;4625,000000000000000000;4625,000000000000000000;4625,000000000000000000
165;4625,000000000000000000;4625,000000000000000000;4625,000000000000000000
166;4625,000000000000000000;4625,000000000000000000;4625,000000000000000000
167;4625,000000000000000000;4625,000000000000000000;4625,000000000000000000
168;4625,000000000000000000;4625,000000000000000000;4625,000000000000000000
169;4625,000000000000000000;4625,000000000000000000;4625,000000000000000000
170;4625,000000000000000000;4625,000000000000000000;4625,000000000000000000
171;4625,000000000000000000;4625,000000000000000000;4625,000000000000000000
172;4625,000000000000000000;4625,000000000000000000;4625,000000000000000000
173;4625,000000000000000000;4625,000000000000000000;4625,000000000000000000
174;4625,000000000000000000;4625,000000000000000000;4625,000000000000000000
175;4625,000000000000000000;4625,000000000000000000;4625,000000000000000000
176;4625,000000000000000000;4625,000000000000000000;4625,000000000000000000
177;4625,000000000000000000;4625,000000000000000000;4625,000000000000000000
178;4625,000000000000000000;4625,000000000000000000;4625,000000000000000000
179;4625,000000000000000000;4625,000000000000000000;4625,000000000000000000
180;4625,000000000000000000;4625,000000000000000000;4625,000000000000000000
181;4625,000000000000000000;4625,000000000000000000;4625,000000000000000000
182;4625,000000000000000000;4625,000000000000000000;4625,000000000000000000
183;4625,000000000000000000;4625,000000000000000000;4625,000000000000000000
184;4625,000000000000000000;4625,000000000000000000;4625,000000000000000000
185;4625,000000000000000000;4625,000000000000000000;4625,000000000000000000
186;4625,000000000000000000;4625,000000000000000000;4625,000000000000000000
187;4625,000000000000000000;4625,000000000000000000;4625,000000000000000000
188;4625,000000000000000000;4625,000000000000000000;4625,000000000000000000
189;4625,000000000000000000;4625,000000000000000000;4625,000000000000000000
190;4625,000000000000000000;4625,000000000000000000;4625,000000000000000000
191;4625,000000000000000000;4625,000000000000000000;4625,000000000000000000
192;4625,000000000000000000;4625,000000000000000000;4625,000000000000000000
193;4625,000000000000000000;4625,000000000000000000;4625,000000000000000000
194;4625,000000000000000000;4625,000000000000000000;4625,000000000000000000
195;4625,000000000000000000;4625,000000000000000000;4625,000000000000000000
196;4625,000000000000000000;4625,000000000000000000;4625,000000000000000000
197;4625,000000000000000000;4625,000000000000000000;4625,000000000000000000
198;4625,000000000000000000;4625,000000000000000000;4625,000000000000000000
199;4625,000000000000000000;4625,000000000000000000;4625,000000000000000000
200;4625,000000000000000000;4625,000000000000000000;4625,000000000000000000
201;4625,000000000000000000;4625,000000000000000000;4625,000000000000000000
202;4625,000000000000000000;4625,000000000000000000;4625,000000000000000000
203;4625,000000000000000000;4625,000000000000000000;4625,000000000000000000
204;4625,000000000000000000;4625,000000000000000000;4625,000000000000000000
205;4625,000000000000000000;4625,000000000000000000;4625,000000000000000000
206;4625,000000000000000000;4625,000000000000000000;4625,000000000000000000
207;4625,000000000000000000;4625,000000000000000000;4625,000000000000000000
208;4625,000000000000000000;4625,000000000000000000;4625,000000000000000000
209;4625,000000000000000000;4625,000000000000000000;4625,000000000000000000
210;4625,000000000000000000;4625,000000000000000000;4625,000000000000000000
211;4625,000000000000000000;4625,000000000000000000;4625,000000000000000000
212;4625,000000000000000000;4625,000000000000000000;4625,000000000000000000
213;4625,000000000000000000;4625,000000000000000000;4625,000000000000000000
214;4625,000000000000000000;4625,000000000000000000;4625,000000000000000000
215;4625,000000000000000000;4625,000000000000000000;4625,000000000000000000
216;4625,000000000000000000;4625,000000000000000000;4625,000000000000000000
217;4625,000000000000000000;4625,000000000000000000;4625,000000000000000000
218;4625,000000000000000000;4625,000000000000000000;4625,000000000000000000
219;4625,000000000000000000;4625,000000000000000000;4625,000000000000000000
220;4625,000000000000000000;4625,000000000000000000;4625,000000000000000000
221;4625,000000000000000000;4625,000000000000000000;4625,000000000000000000
222;4625,000000000000000000;4625,000000000000000000;4625,000000000000000000
223;4625,000000000000000000;4625,000000000000000000;4625,000000000000000000
224;4625,000000000000000000;4625,000000000000000000;4625,000000000000000000
225;4625,000000000000000000;4625,000000000000000000;4625,000000000000000000
226;4625,000000000000000000;4625,000000000000000000;4625,000000000000000000
227;4625,000000000000000000;4625,000000000000000000;4625,000000000000000000
228;4625,000000000000000000;4625,000000000000000000;4625,000000000000000000
229;4625,000000000000000000;4625,000000000000000000;4625,000000000000000000
230;4625,000000000000000000;4625,000000000000000000;4625,000000000000000000
231;4625,000000000000000000;4625,000000000000000000;4625,000000000000000000
232;4625,000000000000000000;4625,000000000000000000;4625,000000000000000000
233;4625,000000000000000000;4625,000000000000000000;4625,000000000000000000
234;4625,000000000000000000;4625,000000000000000000;4625,000000000000000000
235;4625,000000000000000000;4625,000000000000000000;4625,000000000000000000
236;4625,000000000000000000;4625,000000000000000000;4625,000000000000000000
237;4625,000000000000000000;4625,000000000000000000;4625,000000000000000000
238;4625,000000000000000000;4625,000000000000000000;4625,000000000000000000
239;4625,000000000000000000;4625,000000000000000000;4625,000000000000000000
240;4625,000000000000000000;4625,000000000000000000;4625,000000000000000000
241;4625,000000000000000000;4625,000000000000000000;4625,000000000000000000
242;4625,000000000000000000;4625,000000000000000000;4625,000000000000000000
243;4625,000000000000000000;4625,000000000000000000;4625,000000000000000000
244;4625,000000000000000000;4625,000000000000000000;4625,000000000000000000
245;4625,000000000000000000;4625,000000000000000000;4625,000000000000000000
246;4625,000000000000000000;4625,000000000000000000;4625,000000000000000000
247;4625,000000000000000000;4625,000000000000000000;4625,000000000000000000
248;4625,000000000000000000;4625,000000000000000000;4625,000000000000000000
249;4625,000000000000000000;4625,000000000000000000;4625,000000000000000000
250;4625,000000000000000000;4625,000000000000000000;4625,000000000000000000
251;4625,000000000000000000;4625,000000000000000000;4625,000000000000000000
252;4625,000000000000000000;4625,000000000000000000;4625,000000000000000000
253;4625,000000000000000000;4625,000000000000000000;4625,000000000000000000
254;4625,000000000000000000;4625,000000000000000000;4625,000000000000000000
255;4625,000000000000000000;4625,000000000000000000;4625,000000000000000000
256;4625,000000000000000000;4625,000000000000000000;4625,000000000000000000
257;4625,000000000000000000;4625,000000000000000000;4625,000000000000000000
258;4625,000000000000000000;4625,000000000000000000;4625,000000000000000000
259;4625,000000000000000000;4625,000000000000000000;4625,000000000000000000
260;4625,000000000000000000;4625,000000000000000000;4625,000000000000000000
261;4625,000000000000000000;4625,000000000000000000;4625,000000000000000000
262;4625,000000000000000000;4625,000000000000000000;4625,000000000000000000
263;4625,000000000000000000;4625,000000000000000000;4625,000000000000000000
264;4625,000000000000000000;4625,000000000000000000;4625,000000000000000000
265;4625,000000000000000000;4625,000000000000000000;4625,000000000000000000
266;4625,000000000000000000;4625,000000000000000000;4625,000000000000000000
267;4625,000000000000000000;4625,000000000000000000;4625,000000000000000000
268;4625,000000000000000000;4625,000000000000000000;4625,000000000000000000
269;4625,000000000000000000;4625,000000000000000000;4625,000000000000000000
270;4625,000000000000000000;4625,000000000000000000;4625,000000000000000000
271;4625,000000000000000000;4625,000000000000000000;4625,000000000000000000
272;4625,000000000000000000;4625,000000000000000000;4625,000000000000000000
273;4625,000000000000000000;4625,000000000000000000;4625,000000000000000000
274;4625,000000000000000000;4625,000000000000000000;4625,000000000000000000
275;4625,000000000000000000;4625,000000000000000000;4625,000000000000000000
276;4625,000000000000000000;4625,000000000000000000;4625,000000000000000000
277;4625,000000000000000000;4625,000000000000000000;4625,000000000000000000
278;4625,000000000000000000;4625,000000000000000000;4625,000000000000000000
279;4625,000000000000000000;4625,000000000000000000;4625,000000000000000000
280;4625,000000000000000000;4625,000000000000000000;4625,000000000000000000
281;4625,000000000000000000;4625,000000000000000000;4625,000000000000000000
282;4625,000000000000000000;4625,000000000000000000;4625,000000000000000000
283;4625,000000000000000000;4625,000000000000000000;4625,000000000000000000
284;4625,000000000000000000;4625,000000000000000000;4625,000000000000000000
285;4625,000000000000000000;4625,000000000000000000;4625,000000000000000000
286;4625,000000000000000000;4625,000000000000000000;4625,000000000000000000
287;4625,000000000000000000;4625,000000000000000000;4625,000000000000000000
288;4625,000000000000000000;4625,000000000000000000;4625,000000000000000000
289;4625,000000000000000000;4625,000000000000000000;4625,000000000000000000
290;4625,000000000000000000;4625,000000000000000000;4625,000000000000000000
291;4625,000000000000000000;4625,000000000000000000;4625,000000000000000000
292;4625,000000000000000000;4625,000000000000000000;4625,000000000000000000
293;4625,000000000000000000;4625,000000000000000000;4625,000000000000000000
294;4625,000000000000000000;4625,000000000000000000;4625,000000000000000000
295;4625,000000000000000000;4625,000000000000000000;4625,000000000000000000
296;4625,000000000000000000;4625,000000000000000000;4625,000000000000000000
297;4625,000000000000000000;4625,000000000000000000;4625,000000000000000000
298;4625,000000000000000000;4625,000000000000000000;4625,000000000000000000
299;4625,000000000000000000;4625,000000000000000000;4625,000000000000000000
300;4625,000000000000000000;4625,000000000000000000;4625,000000000000000000
301;4625,000000000000000000;4625,000000000000000000;4625,000000000000000000
302;4625,000000000000000000;4625,000000000000000000;4625,000000000000000000
303;4625,000000000000000000;4625,000000000000000000;4625,000000000000000000
304;4625,000000000000000000;4625,000000000000000000;4625,000000000000000000
305;4625,000000000000000000;4625,000000000000000000;4625,000000000000000000
306;4625,000000000000000000;4625,000000000000000000;4625,000000000000000000
307;4625,000000000000000000;4625,000000000000000000;4625,000000000000000000
308;4625,000000000000000000;4625,000000000000000000;4625,000000000000000000
309;4625,000000000000000000;4625,000000000000000000;4625,000000000000000000
310;4625,000000000000000000;4625,000000000000000000;4625,000000000000000000
311;4625,000000000000000000;4625,000000000000000000;4625,000000000000000000
312;4625,000000000000000000;4625,000000000000000000;4625,000000000000000000
313;4625,000000000000000000;4625,000000000000000000;4625,000000000000000000
314;4625,000000000000000000;4625,000000000000000000;4625,000000000000000000
315;4625,000000000000000000;4625,000000000000000000;4625,000000000000000000
316;4625,000000000000000000;4625,000000000000000000;4625,000000000000000000
317;4625,000000000000000000;4625,000000000000000000;4625,000000000000000000
318;4625,000000000000000000;4625,000000000000000000;4625,000000000000000000
319;4625,000000000000000000;4625,000000000000000000;4625,000000000000000000
320;4625,000000000000000000;4625,000000000000000000;4625,000000000000000000
321;4625,000000000000000000;4625,000000000000000000;4625,000000000000000000
322;4625,000000000000000000;4625,000000000000000000;4625,000000000000000000
323;4625,000000000000000000;4625,000000000000000000;4625,000000000000000000
324;4625,000000000000000000;4625,000000000000000000;4625,000000000000000000
325;4625,000000000000000000;4625,000000000000000000;4625,000000000000000000
326;4625,000000000000000000;4625,000000000000000000;4625,000000000000000000
327;4625,000000000000000000;4625,000000000000000000;4625,000000000000000000
328;4625,000000000000000000;4625,000000000000000000;4625,000000000000000000
329;4625,000000000000000000;4625,000000000000000000;4625,000000000000000000
330;4625,000000000000000000;4625,000000000000000000;4625,000000000000000000
331;4625,000000000000000000;4625,000000000000000000;4625,000000000000000000
332;4625,000000000000000000;4625,000000000000000000;4625,000000000000000000
333;4625,000000000000000000;4625,000000000000000000;4625,000000000000000000
334;4625,000000000000000000;4625,000000000000000000;4625,000000000000000000
335;4625,000000000000000000;4625,000000000000000000;4625,000000000000000000
336;4625,000000000000000000;4625,000000000000000000;4625,000000000000000000
337;4625,000000000000000000;4625,000000000000000000;4625,000000000000000000
338;4625,000000000000000000;4625,000000000000000000;4625,000000000000000000
339;4625,000000000000000000;4625,000000000000000000;4625,000000000000000000
340;4625,000000000000000000;4625,000000000000000000;4625,000000000000000000
341;4625,000000000000000000;4625,000000000000000000;4625,000000000000000000
342;4625,000000000000000000;4625,000000000000000000;4625,000000000000000000
343;4625,000000000000000000;4625,000000000000000000;4625,000000000000000000
344;4625,000000000000000000;4625,000000000000000000;4625,000000000000000000
345;4625,000000000000000000;4625,000000000000000000;4625,000000000000000000
346;4625,000000000000000000;4625,000000000000000000;4625,000000000000000000
347;4625,000000000000000000;4625,000000000000000000;4625,000000000000000000
348;4625,000000000000000000;4625,000000000000000000;4625,000000000000000000
349;4625,000000000000000000;4625,000000000000000000;4625,000000000000000000
350;4625,000000000000000000;4625,000000000000000000;4625,000000000000000000
351;4625,000000000000000000;4625,000000000000000000;4625,000000000000000000
352;4625,000000000000000000;4625,000000000000000000;4625,000000000000000000
353;4625,000000000000000000;4625,000000000000000000;4625,000000000000000000
354;4625,000000000000000000;4625,000000000000000000;4625,000000000000000000
355;4625,000000000000000000;4625,000000000000000000;4625,000000000000000000
356;4625,000000000000000000;4625,000000000000000000;4625,000000000000000000
357;4625,000000000000000000;4625,000000000000000000;4625,000000000000000000
358;4625,000000000000000000;4625,000000000000000000;4625,000000000000000000
359;4625,000000000000000000;4625,000000000000000000;4625,000000000000000000
360;4625,000000000000000000;4625,000000000000000000;4625,000000000000000000
361;4625,000000000000000000;4625,000000000000000000;4625,000000000000000000
362;4625,000000000000000000;4625,000000000000000000;4625,000000000000000000
363;4625,000000000000000000;4625,000000000000000000;4625,000000000000000000
364;4625,000000000000000000;4625,000000000000000000;4625,000000000000000000
365;4625,000000000000000000;4625,000000000000000000;4625,000000000000000000
366;4625,000000000000000000;4625,000000000000000000;4625,000000000000000000
367;4625,000000000000000000;4625,000000000000000000;4625,000000000000000000
368;4625,000000000000000000;4625,000000000000000000;4625,000000000000000000
369;4625,000000000000000000;4625,000000000000000000;4625,000000000000000000
370;4625,000000000000000000;4625,000000000000000000;4625,000000000000000000
371;4625,000000000000000000;4625,000000000000000000;4625,000000000000000000
372;4625,000000000000000000;4625,000000000000000000;4625,000000000000000000
373;4625,000000000000000000;4625,000000000000000000;4625,000000000000000000
374;4625,000000000000000000;4625,000000000000000000;4625,000000000000000000
375;4625,000000000000000000;4625,000000000000000000;4625,000000000000000000
376;4625,000000000000000000;4625,000000000000000000;4625,000000000000000000
377;4625,000000000000000000;4625,000000000000000000;4625,000000000000000000
378;4625,000000000000000000;4625,000000000000000000;4625,000000000000000000
379;4625,000000000000000000;4625,000000000000000000;4625,000000000000000000
380;4625,000000000000000000;4625,000000000000000000;4625,000000000000000000
381;4625,000000000000000000;4625,000000000000000000;4625,000000000000000000
382;4625,000000000000000000;4625,000000000000000000;4625,000000000000000000
383;4625,000000000000000000;4625,000000000000000000;4625,000000000000000000
384;4625,000000000000000000;4625,000000000000000000;4625,000000000000000000
385;4625,000000000000000000;4625,000000000000000000;4625,000000000000000000
386;4625,000000000000000000;4625,000000000000000000;4625,000000000000000000
387;4625,000000000000000000;4625,000000000000000000;4625,000000000000000000
388;4625,000000000000000000;4625,000000000000000000;4625,000000000000000000
389;4625,000000000000000000;4625,000000000000000000;4625,000000000000000000
390;4625,000000000000000000;4625,000000000000000000;4625,000000000000000000
391;4625,000000000000000000;4625,000000000000000000;4625,000000000000000000
392;4625,000000000000000000;4625,000000000000000000;4625,000000000000000000
393;4625,000000000000000000;4625,000000000000000000;4625,000000000000000000
394;4625,000000000000000000;4625,000000000000000000;4625,000000000000000000
395;4625,000000000000000000;4625,000000000000000000;4625,000000000000000000
396;4625,000000000000000000;4625,000000000000000000;4625,000000000000000000
397;4625,000000000000000000;4625,000000000000000000;4625,000000000000000000
398;4625,000000000000000000;4625,000000000000000000;4625,000000000000000000
399;4625,000000000000000000;4625,000000000000000000;4625,000000000000000000
400;4625,000000000000000000;4625,000000000000000000;4625,000000000000000000
401;4625,000000000000000000;4625,000000000000000000;4625,000000000000000000
402;4625,000000000000000000;4625,000000000000000000;4625,000000000000000000
403;4625,000000000000000000;4625,000000000000000000;4625,000000000000000000
404;4625,000000000000000000;4625,000000000000000000;4625,000000000000000000
405;4625,000000000000000000;4625,000000000000000000;4625,000000000000000000
406;4625,000000000000000000;4625,000000000000000000;4625,000000000000000000
407;4625,000000000000000000;4625,000000000000000000;4625,000000000000000000
408;4625,000000000000000000;4625,000000000000000000;4625,000000000000000000
409;4625,000000000000000000;4625,000000000000000000;4625,000000000000000000
410;4625,000000000000000000;4625,000000000000000000;4625,000000000000000000
411;4625,000000000000000000;4625,000000000000000000;4625,000000000000000000
412;4625,000000000000000000;4625,000000000000000000;4625,000000000000000000
413;4625,000000000000000000;4625,000000000000000000;4625,000000000000000000
414;4625,000000000000000000;4625,000000000000000000;4625,000000000000000000
415;4625,000000000000000000;4625,000000000000000000;4625,000000000000000000
416;4625,000000000000000000;4625,000000000000000000;4625,000000000000000000
417;4625,000000000000000000;4625,000000000000000000;4625,000000000000000000
418;4625,000000000000000000;4625,000000000000000000;4625,000000000000000000
419;4625,000000000000000000;4625,000000000000000000;4625,000000000000000000
420;4625,000000000000000000;4625,000000000000000000;4625,000000000000000000
421;4625,000000000000000000;4625,000000000000000000;4625,000000000000000000
422;4625,000000000000000000;4625,000000000000000000;4625,000000000000000000
423;4625,000000000000000000;4625,000000000000000000;4625,000000000000000000
424;4625,000000000000000000;4625,000000000000000000;4625,000000000000000000
425;4625,000000000000000000;4625,000000000000000000;4625,000000000000000000
426;4625,000000000000000000;4625,000000000000000000;4625,000000000000000000
427;4625,000000000000000000;4625,000000000000000000;4625,000000000000000000
428;4625,000000000000000000;4625,000000000000000000;4625,000000000000000000
429;4625,000000000000000000;4625,000000000000000000;4625,000000000000000000
430;4625,000000000000000000;4625,000000000000000000;4625,000000000000000000
431;4625,000000000000000000;4625,000000000000000000;4625,000000000000000000
432;4625,000000000000000000;4625,000000000000000000;4625,000000000000000000
433;4625,000000000000000000;4625,000000000000000000;4625,000000000000000000
434;4625,000000000000000000;4625,000000000000000000;4625,000000000000000000
435;4625,000000000000000000;4625,000000000000000000;4625,000000000000000000
436;4625,000000000000000000;4625,000000000000000000;4625,000000000000000000
437;4625,000000000000000000;4625,000000000000000000;4625,000000000000000000
438;4625,000000000000000000;4625,000000000000000000;4625,000000000000000000
439;4625,000000000000000000;4625,000000000000000000;4625,000000000000000000
440;4625,000000000000000000;4625,000000000000000000;4625,000000000000000000
441;4625,000000000000000000;4625,000000000000000000;4625,000000000000000000
442;4625,000000000000000000;4625,000000000000000000;4625,000000000000000000
443;4625,000000000000000000;4625,000000000000000000;4625,000000000000000000
444;4625,000000000000000000;4625,000000000000000000;4625,000000000000000000
445;4625,000000000000000000;4625,000000000000000000;4625,000000000000000000
446;4625,000000000000000000;4625,000000000000000000;4625,000000000000000000
447;4625,000000000000000000;4625,000000000000000000;4625,000000000000000000
448;4625,000000000000000000;4625,000000000000000000;4625,000000000000000000
449;4625,000000000000000000;4625,000000000000000000;4625,000000000000000000
450;4625,000000000000000000;4625,000000000000000000;4625,000000000000000000
451;4625,000000000000000000;4625,000000000000000000;4625,000000000000000000
452;4625,000000000000000000;4625,000000000000000000;4625,000000000000000000
453;4625,000000000000000000;4625,000000000000000000;4625,000000000000000000
454;4625,000000000000000000;4625,000000000000000000;4625,000000000000000000
455;4625,000000000000000000;4625,000000000000000000;4625,000000000000000000
456;4625,000000000000000000;4625,000000000000000000;4625,000000000000000000
457;4625,000000000000000000;4625,000000000000000000;4625,000000000000000000
458;4625,000000000000000000;4625,000000000000000000;4625,000000000000000000
459;4625,000000000000000000;4625,000000000000000000;4625,000000000000000000
460;4625,000000000000000000;4625,000000000000000000;4625,000000000000000000
461;4625,000000000000000000;4625,000000000000000000;4625,000000000000000000
462;4625,000000000000000000;4625,000000000000000000;4625,000000000000000000
463;4625,000000000000000000;4625,000000000000000000;4625,000000000000000000
464;4625,000000000000000000;4625,000000000000000000;4625,000000000000000000
465;4625,000000000000000000;4625,000000000000000000;4625,000000000000000000
466;4625,000000000000000000;4625,000000000000000000;4625,000000000000000000
467;4625,000000000000000000;4625,000000000000000000;4625,000000000000000000
468;4625,000000000000000000;4625,000000000000000000;4625,000000000000000000
469;4625,000000000000000000;4625,000000000000000000;4625,000000000000000000
470;4625,000000000000000000;4625,000000000000000000;4625,000000000000000000
471;4625,000000000000000000;4625,000000000000000000;4625,000000000000000000
472;4625,000000000000000000;4625,000000000000000000;4625,000000000000000000
473;4625,000000000000000000;4625,000000000000000000;4625,000000000000000000
474;4625,000000000000000000;4625,000000000000000000;4625,000000000000000000
475;4625,000000000000000000;4625,000000000000000000;4625,000000000000000000
476;4625,000000000000000000;4625,000000000000000000;4625,000000000000000000
477;4625,000000000000000000;4625,000000000000000000;4625,000000000000000000
478;4625,000000000000000000;4625,000000000000000000;4625,000000000000000000
479;4625,000000000000000000;4625,000000000000000000;4625,000000000000000000
480;4625,000000000000000000;4625,000000000000000000;4625,000000000000000000
481;4625,000000000000000000;4625,000000000000000000;4625,000000000000000000
482;4625,000000000000000000;4625,000000000000000000;4625,000000000000000000
483;4625,000000000000000000;4625,000000000000000000;4625,000000000000000000
484;4625,000000000000000000;4625,000000000000000000;4625,000000000000000000
485;4625,000000000000000000;4625,000000000000000000;4625,000000000000000000
486;4625,000000000000000000;4625,000000000000000000;4625,000000000000000000
487;4625,000000000000000000;4625,000000000000000000;4625,000000000000000000
488;4625,000000000000000000;4625,000000000000000000;4625,000000000000000000
489;4625,000000000000000000;4625,000000000000000000;4625,000000000000000000
490;4625,000000000000000000;4625,000000000000000000;4625,000000000000000000
491;4625,000000000000000000;4625,000000000000000000;4625,000000000000000000
492;4625,000000000000000000;4625,000000000000000000;4625,000000000000000000
493;4625,000000000000000000;4625,000000000000000000;4625,000000000000000000
494;4625,000000000000000000;4625,000000000000000000;4625,000000000000000000
495;4625,000000000000000000;4625,000000000000000000;4625,000000000000000000
496;4625,000000000000000000;4625,000000000000000000;4625,000000000000000000
497;4625,000000000000000000;4625,000000000000000000;4625,000000000000000000
498;4625,000000000000000000;4625,000000000000000000;4625,000000000000000000
499;4625,000000000000000000;4625,000000000000000000;4625,000000000000000000
500;4625,000000000000000000;4625,000000000000000000;4625,000000000000000000
501;4625,000000000000000000;4625,000000000000000000;4625,000000000000000000
502;4625,000000000000000000;4625,000000000000000000;4625,000000000000000000
503;4625,000000000000000000;4625,000000000000000000;4625,000000000000000000
504;4625,000000000000000000;4625,000000000000000000;4625,000000000000000000
505;4625,000000000000000000;4625,000000000000000000;4625,000000000000000000
506;4625,000000000000000000;4625,000000000000000000;4625,000000000000000000
507;4625,000000000000000000;4625,000000000000000000;4625,000000000000000000
508;4625,000000000000000000;4625,000000000000000000;4625,000000000000000000
509;4625,000000000000000000;4625,000000000000000000;4625,000000000000000000
510;4625,000000000000000000;4625,000000000000000000;4625,000000000000000000
511;4625,000000000000000000;4625,000000000000000000;4625,000000000000000000
512;4625,000000000000000000;4625,000000000000000000;4625,000000000000000000
513;4625,000000000000000000;4625,000000000000000000;4625,000000000000000000
514;4625,000000000000000000;4625,000000000000000000;4625,000000000000000000
515;4625,000000000000000000;4625,000000000000000000;4625,000000000000000000
516;4625,000000000000000000;4625,000000000000000000;4625,000000000000000000
517;4625,000000000000000000;4625,000000000000000000;4625,000000000000000000
518;4625,000000000000000000;4625,000000000000000000;4625,000000000000000000
519;4625,000000000000000000;4625,000000000000000000;4625,000000000000000000
520;4625,000000000000000000;4625,000000000000000000;4625,000000000000000000
521;4625,000000000000000000;4625,000000000000000000;4625,000000000000000000
522;4625,000000000000000000;4625,000000000000000000;4625,000000000000000000
523;4625,000000000000000000;4625,000000000000000000;4625,000000000000000000
524;4625,000000000000000000;4625,000000000000000000;4625,000000000000000000
525;4625,000000000000000000;4625,000000000000000000;4625,000000000000000000
526;4625,000000000000000000;4625,000000000000000000;4625,000000000000000000
527;4625,000000000000000000;4625,000000000000000000;4625,000000000000000000
528;4625,000000000000000000;4625,000000000000000000;4625,000000000000000000
529;4625,000000000000000000;4625,000000000000000000;4625,000000000000000000
530;4625,000000000000000000;4625,000000000000000000;4625,000000000000000000
531;4625,000000000000000000;4625,000000000000000000;4625,000000000000000000
532;4625,000000000000000000;4625,000000000000000000;4625,000000000000000000
533;4625,000000000000000000;4625,000000000000000000;4625,000000000000000000
534;4625,000000000000000000;4625,000000000000000000;4625,000000000000000000
535;4625,000000000000000000;4625,000000000000000000;4625,000000000000000000
536;4625,000000000000000000;4625,000000000000000000;4625,000000000000000000
537;4625,000000000000000000;4625,000000000000000000;4625,000000000000000000
538;4625,000000000000000000;4625,000000000000000000;4625,000000000000000000
539;4625,000000000000000000;4625,000000000000000000;4625,000000000000000000
540;4625,000000000000000000;4625,000000000000000000;4625,000000000000000000
541;4625,000000000000000000;4625,000000000000000000;4625,000000000000000000
542;4625,000000000000000000;4625,000000000000000000;4625,000000000000000000
543;4625,000000000000000000;4625,000000000000000000;4625,000000000000000000
544;4625,000000000000000000;4625,000000000000000000;4625,000000000000000000
545;4625,000000000000000000;4625,000000000000000000;4625,000000000000000000
546;4625,000000000000000000;4625,000000000000000000;4625,000000000000000000
547;4625,000000000000000000;4625,000000000000000000;4625,000000000000000000
548;4625,000000000000000000;4625,000000000000000000;4625,000000000000000000
549;4625,000000000000000000;4625,000000000000000000;4625,000000000000000000
550;4625,000000000000000000;4625,000000000000000000;4625,000000000000000000
551;4625,000000000000000000;4625,000000000000000000;4625,000000000000000000
552;4625,000000000000000000;4625,000000000000000000;4625,000000000000000000
553;4625,000000000000000000;4625,000000000000000000;4625,000000000000000000
554;4625,000000000000000000;4625,000000000000000000;4625,000000000000000000
555;4625,000000000000000000;4625,000000000000000000;4625,000000000000000000
556;4625,000000000000000000;4625,000000000000000000;4625,000000000000000000
557;4625,000000000000000000;4625,000000000000000000;4625,000000000000000000
558;4625,000000000000000000;4625,000000000000000000;4625,000000000000000000
559;4625,000000000000000000;4625,000000000000000000;4625,000000000000000000
560;4625,000000000000000000;4625,000000000000000000;4625,000000000000000000
561;4625,000000000000000000;4625,000000000000000000;4625,000000000000000000
562;4625,000000000000000000;4625,000000000000000000;4625,000000000000000000
563;4625,000000000000000000;4625,000000000000000000;4625,000000000000000000
564;4625,000000000000000000;4625,000000000000000000;4625,000000000000000000
565;4625,000000000000000000;4625,000000000000000000;4625,000000000000000000
566;4625,000000000000000000;4625,000000000000000000;4625,000000000000000000
567;4625,000000000000000000;4625,000000000000000000;4625,000000000000000000
568;4625,000000000000000000;4625,000000000000000000;4625,000000000000000000
569;4625,000000000000000000;4625,000000000000000000;4625,000000000000000000
570;4625,000000000000000000;4625,000000000000000000;4625,000000000000000000
571;4625,000000000000000000;4625,000000000000000000;4625,000000000000000000
572;4625,000000000000000000;4625,000000000000000000;4625,000000000000000000
573;4625,000000000000000000;4625,000000000000000000;4625,000000000000000000
574;4625,000000000000000000;4625,000000000000000000;4625,000000000000000000
575;4625,000000000000000000;4625,000000000000000000;4625,000000000000000000
576;4625,000000000000000000;4625,000000000000000000;4625,000000000000000000
577;4625,000000000000000000;4625,000000000000000000;4625,000000000000000000
578;4625,000000000000000000;4625,000000000000000000;4625,000000000000000000
579;4625,000000000000000000;4625,000000000000000000;4625,000000000000000000
580;4625,000000000000000000;4625,000000000000000000;4625,000000000000000000
581;4625,000000000000000000;4625,000000000000000000;4625,000000000000000000
582;4625,000000000000000000;4625,000000000000000000;4625,000000000000000000
583;4625,000000000000000000;4625,000000000000000000;4625,000000000000000000
584;4625,000000000000000000;4625,000000000000000000;4625,000000000000000000
585;4625,000000000000000000;4625,000000000000000000;4625,000000000000000000
586;4625,000000000000000000;4625,000000000000000000;4625,000000000000000000
587;4625,000000000000000000;4625,000000000000000000;4625,000000000000000000
588;4625,000000000000000000;4625,000000000000000000;4625,000000000000000000
589;4625,000000000000000000;4625,000000000000000000;4625,000000000000000000
590;4625,000000000000000000;4625,000000000000000000;4625,000000000000000000
591;4625,000000000000000000;4625,000000000000000000;4625,000000000000000000
592;4625,000000000000000000;4625,000000000000000000;4625,000000000000000000
593;4625,000000000000000000;4625,000000000000000000;4625,000000000000000000
594;4625,000000000000000000;4625,000000000000000000;4625,000000000000000000
595;4625,000000000000000000;4625,000000000000000000;4625,000000000000000000
596;4625,000000000000000000;4625,000000000000000000;4625,000000000000000000
597;4625,000000000000000000;4625,000000000000000000;4625,000000000000000000
598;4625,000000000000000000;4625,000000000000000000;4625,000000000000000000
599;4625,000000000000000000;4625,000000000000000000;4625,000000000000000000
600;4625,000000000000000000;4625,000000000000000000;4625,000000000000000000
601;4625,000000000000000000;4625,000000000000000000;4625,000000000000000000
602;4625,000000000000000000;4625,000000000000000000;4625,000000000000000000
603;4625,000000000000000000;4625,000000000000000000;4625,000000000000000000
604;4625,000000000000000000;4625,000000000000000000;4625,000000000000000000
605;4625,000000000000000000;4625,000000000000000000;4625,000000000000000000
606;4625,000000000000000000;4625,000000000000000000;4625,000000000000000000
607;4625,000000000000000000;4625,000000000000000000;4625,000000000000000000
608;4625,000000000000000000;4625,000000000000000000;4625,000000000000000000
609;4625,000000000000000000;4625,000000000000000000;4625,000000000000000000
610;4625,000000000000000000;4625,000000000000000000;4625,000000000000000000
611;4625,000000000000000000;4625,000000000000000000;4625,000000000000000000
612;4625,000000000000000000;4625,000000000000000000;4625,000000000000000000
613;4625,000000000000000000;4625,000000000000000000;4625,000000000000000000
614;4625,000000000000000000;4625,000000000000000000;4625,000000000000000000
615;4625,000000000000000000;4625,000000000000000000;4625,000000000000000000
616;4625,000000000000000000;4625,000000000000000000;4625,000000000000000000
617;4625,000000000000000000;4625,000000000000000000;4625,000000000000000000
618;4625,000000000000000000;4625,000000000000000000;4625,000000000000000000
619;4625,000000000000000000;4625,000000000000000000;4625,000000000000000000
620;4625,000000000000000000;4625,000000000000000000;4625,000000000000000000
621;4625,000000000000000000;4625,000000000000000000;4625,000000000000000000
622;4625,000000000000000000;4625,000000000000000000;4625,000000000000000000
623;4625,000000000000000000;4625,000000000000000000;4625,000000000000000000
624;4625,000000000000000000;4625,000000000000000000;4625,000000000000000000
625;4625,000000000000000000;4625,000000000000000000;4625,000000000000000000
626;4625,000000000000000000;4625,000000000000000000;4625,000000000000000000
627;4625,000000000000000000;4625,000000000000000000;4625,000000000000000000
628;4625,000000000000000000;4625,000000000000000000;4625,000000000000000000
629;4625,000000000000000000;4625,000000000000000000;4625,000000000000000000
630;4625,000000000000000000;4625,000000000000000000;4625,000000000000000000
631;4625,000000000000000000;4625,000000000000000000;4625,000000000000000000
632;4625,000000000000000000;4625,000000000000000000;4625,000000000000000000
633;4625,000000000000000000;4625,000000000000000000;4625,000000000000000000
634;4625,000000000000000000;4625,000000000000000000;4625,000000000000000000
635;4625,000000000000000000;4625,000000000000000000;4625,000000000000000000
636;4625,000000000000000000;4625,000000000000000000;4625,000000000000000000
637;4625,000000000000000000;4625,000000000000000000;4625,000000000000000000
638;4625,000000000000000000;4625,000000000000000000;4625,000000000000000000
639;4625,000000000000000000;4625,000000000000000000;4625,000000000000000000
640;4625,000000000000000000;4625,000000000000000000;4625,000000000000000000
641;4625,000000000000000000;4625,000000000000000000;4625,000000000000000000
642;4625,000000000000000000;4625,000000000000000000;4625,000000000000000000
643;4625,000000000000000000;4625,000000000000000000;4625,000000000000000000
644;4625,000000000000000000;4625,000000000000000000;4625,000000000000000000
645;4625,000000000000000000;4625,000000000000000000;4625,000000000000000000
646;4625,000000000000000000;4625,000000000000000000;4625,000000000000000000
647;4625,000000000000000000;4625,000000000000000000;4625,000000000000000000
648;4625,000000000000000000;4625,000000000000000000;4625,000000000000000000
649;4625,000000000000000000;4625,000000000000000000;4625,000000000000000000
650;4625,000000000000000000;4625,000000000000000000;4625,000000000000000000
651;4625,000000000000000000;4625,000000000000000000;4625,000000000000000000
652;4625,000000000000000000;4625,000000000000000000;4625,000000000000000000
653;4625,000000000000000000;4625,000000000000000000;4625,000000000000000000
654;4625,000000000000000000;4625,000000000000000000;4625,000000000000000000
655;4625,000000000000000000;4625,000000000000000000;4625,000000000000000000
656;4625,000000000000000000;4625,000000000000000000;4625,000000000000000000
657;4625,000000000000000000;4625,000000000000000000;4625,000000000000000000
658;4625,000000000000000000;4625,000000000000000000;4625,000000000000000000
659;4625,000000000000000000;4625,000000000000000000;4625,000000000000000000
660;4625,000000000000000000;4625,000000000000000000;4625,000000000000000000
661;4625,000000000000000000;4625,000000000000000000;4625,000000000000000000
662;4625,000000000000000000;4625,000000000000000000;4625,000000000000000000
663;4625,000000000000000000;4625,000000000000000000;4625,000000000000000000
664;4625,000000000000000000;4625,000000000000000000;4625,000000000000000000
665;4625,000000000000000000;4625,000000000000000000;4625,000000000000000000
666;4625,000000000000000000;4625,000000000000000000;4625,000000000000000000
667;4625,000000000000000000;4625,000000000000000000;4625,000000000000000000
668;4625,000000000000000000;4625,000000000000000000;4625,000000000000000000
669;4625,000000000000000000;4625,000000000000000000;4625,000000000000000000
670;4625,000000000000000000;4625,000000000000000000;4625,000000000000000000
671;4625,000000000000000000;4625,000000000000000000;4625,000000000000000000
672;4625,000000000000000000;4625,000000000000000000;4625,000000000000000000
673;4625,000000000000000000;4625,000000000000000000;4625,000000000000000000
674;4625,000000000000000000;4625,000000000000000000;4625,000000000000000000
675;4625,000000000000000000;4625,000000000000000000;4625,000000000000000000
676;4625,000000000000000000;4625,000000000000000000;4625,000000000000000000
677;4625,000000000000000000;4625,000000000000000000;4625,000000000000000000
678;4625,000000000000000000;4625,000000000000000000;4625,000000000000000000
679;4625,000000000000000000;4625,000000000000000000;4625,000000000000000000
680;4625,000000000000000000;4625,000000000000000000;4625,000000000000000000
681;4625,000000000000000000;4625,000000000000000000;4625,000000000000000000
682;4625,000000000000000000;4625,000000000000000000;4625,000000000000000000
683;4625,000000000000000000;4625,000000000000000000;4625,000000000000000000
684;4625,000000000000000000;4625,000000000000000000;4625,000000000000000000
685;4625,000000000000000000;4625,000000000000000000;4625,000000000000000000
686;4625,000000000000000000;4625,000000000000000000;4625,000000000000000000
687;4625,000000000000000000;4625,000000000000000000;4625,000000000000000000
688;4625,000000000000000000;4625,000000000000000000;4625,000000000000000000
689;4625,000000000000000000;4625,000000000000000000;4625,000000000000000000
690;4625,000000000000000000;4625,000000000000000000;4625,000000000000000000
691;4625,000000000000000000;4625,000000000000000000;4625,000000000000000000
692;4625,000000000000000000;4625,000000000000000000;4625,000000000000000000
693;4625,000000000000000000;4625,000000000000000000;4625,000000000000000000
694;4625,000000000000000000;4625,000000000000000000;4625,000000000000000000
695;4625,000000000000000000;4625,000000000000000000;4625,000000000000000000
696;4625,000000000000000000;4625,000000000000000000;4625,000000000000000000
697;4625,000000000000000000;4625,000000000000000000;4625,000000000000000000
698;4625,000000000000000000;4625,000000000000000000;4625,000000000000000000
699;4625,000000000000000000;4625,000000000000000000;4625,000000000000000000
700;4625,000000000000000000;4625,000000000000000000;4625,000000000000000000
701;4625,000000000000000000;4625,000000000000000000;4625,000000000000000000
702;4625,000000000000000000;4625,000000000000000000;4625,000000000000000000
703;4625,000000000000000000;4625,000000000000000000;4625,000000000000000000
704;4625,000000000000000000;4625,000000000000000000;4625,000000000000000000
705;4625,000000000000000000;4625,000000000000000000;4625,000000000000000000
706;4625,000000000000000000;4625,000000000000000000;4625,000000000000000000
707;4625,000000000000000000;4625,000000000000000000;4625,000000000000000000
708;4625,000000000000000000;4625,000000000000000000;4625,000000000000000000
709;4625,000000000000000000;4625,000000000000000000;4625,000000000000000000
710;4625,000000000000000000;4625,000000000000000000;4625,000000000000000000
711;4625,000000000000000000;4625,000000000000000000;4625,000000000000000000
712;4625,000000000000000000;4625,000000000000000000;4625,000000000000000000
713;4625,000000000000000000;4625,000000000000000000;4625,000000000000000000
714;4625,000000000000000000;4625,000000000000000000;4625,000000000000000000
715;4625,000000000000000000;4625,000000000000000000;4625,000000000000000000
716;4625,000000000000000000;4625,000000000000000000;4625,000000000000000000
717;4625,000000000000000000;4625,000000000000000000;4625,000000000000000000
718;4625,000000000000000000;4625,000000000000000000;4625,000000000000000000
719;4625,000000000000000000;4625,000000000000000000;4625,000000000000000000
720;4625,000000000000000000;4625,000000000000000000;4625,000000000000000000
721;4625,000000000000000000;4625,000000000000000000;4625,000000000000000000
722;4625,000000000000000000;4625,000000000000000000;4625,000000000000000000
723;4625,000000000000000000;4625,000000000000000000;4625,000000000000000000
724;4625,000000000000000000;4625,000000000000000000;4625,000000000000000000
725;4625,000000000000000000;4625,000000000000000000;4625,000000000000000000
726;4625,000000000000000000;4625,000000000000000000;4625,000000000000000000
727;4625,000000000000000000;4625,000000000000000000;4625,000000000000000000
728;4625,000000000000000000;4625,000000000000000000;4625,000000000000000000
729;4625,000000000000000000;4625,000000000000000000;4625,000000000000000000
730;4625,000000000000000000;4625,000000000000000000;4625,000000000000000000
731;4625,000000000000000000;4625,000000000000000000;4625,000000000000000000
732;4625,000000000000000000;4625,000000000000000000;4625,000000000000000000
733;4625,000000000000000000;4625,000000000000000000;4625,000000000000000000
734;4625,000000000000000000;4625,000000000000000000;4625,000000000000000000
735;4625,000000000000000000;4625,000000000000000000;4625,000000000000000000
736;4625,000000000000000000;4625,000000000000000000;4625,000000000000000000
737;4625,000000000000000000;4625,000000000000000000;4625,000000000000000000
738;4625,000000000000000000;4625,000000000000000000;4625,000000000000000000
739;4625,000000000000000000;4625,000000000000000000;4625,000000000000000000
740;4625,000000000000000000;4625,000000000000000000;4625,000000000000000000
741;4625,000000000000000000;4625,000000000000000000;4625,000000000000000000
742;4625,000000000000000000;4625,000000000000000000;4625,000000000000000000
743;4625,000000000000000000;4625,000000000000000000;4625,000000000000000000
744;4625,000000000000000000;4625,000000000000000000;4625,000000000000000000
745;4625,000000000000000000;4625,000000000000000000;4625,000000000000000000
746;4625,000000000000000000;4625,000000000000000000;4625,000000000000000000
747;4625,000000000000000000;4625,000000000000000000;4625,000000000000000000
748;4625,000000000000000000;4625,000000000000000000;4625,000000000000000000
749;4625,000000000000000000;4625,000000000000000000;4625,000000000000000000
